kf_mgkg,time_ps,amplitude_au
75,0.0,-1.0418946185136766
75,0.1,0.03531873494441451
75,0.2,-4.988603806843893
75,0.30000000000000004,4.628293776492652
75,0.4,-3.7804972405640753
75,0.5,-1.2261420074431113
75,0.6000000000000001,2.3101395894298538
75,0.7000000000000001,-1.8860841306381226
75,0.8,-1.2441383318413013
75,0.9,-0.6988486244562855
75,1.0,3.1244720960130152
75,1.1,7.6476786374504115
75,1.2000000000000002,2.191400841334959
75,1.3,-0.5378778351094406
75,1.4000000000000001,3.7728726851030157
75,1.5,1.1019449776427794
75,1.6,2.7103806853632264
75,1.7000000000000002,5.8602377566144925
75,1.8,1.21617056928292
75,1.9000000000000001,3.2700308144394166
75,2.0,1.212245987427142
75,2.1,3.1748291569977725
75,2.2,4.364013742346037
75,2.3000000000000003,1.4055113600665377
75,2.4000000000000004,3.1833988221100604
75,2.5,3.5910377543137706
75,2.6,2.7363806311734202
75,2.7,1.5084118911053936
75,2.8000000000000003,1.069156988675136
75,2.9000000000000004,4.380982463012426
75,3.0,4.232292415247437
75,3.1,10.621192258885136
75,3.2,-0.9087437885514689
75,3.3000000000000003,5.5928851451846
75,3.4000000000000004,6.367503501530933
75,3.5,8.968166565700344
75,3.6,6.948719348188329
75,3.7,3.7057806720864352
75,3.8000000000000003,5.935762952879591
75,3.9000000000000004,7.408170815526532
75,4.0,5.382140538708232
75,4.1000000000000005,8.204077841828845
75,4.2,1.7139215987617078
75,4.3,10.816619835517336
75,4.4,10.259222748505413
75,4.5,5.849014482494546
75,4.6000000000000005,8.311502922442228
75,4.7,6.994737685225012
75,4.800000000000001,4.890305940644029
75,4.9,7.267382640980924
75,5.0,9.63057359686822
75,5.1000000000000005,6.25502875651454
75,5.2,6.343199247255333
75,5.300000000000001,7.167284126089502
75,5.4,8.50473115529444
75,5.5,10.680876088106757
75,5.6000000000000005,5.958544872758161
75,5.7,8.872897115307772
75,5.800000000000001,8.19518072279782
75,5.9,3.0576391226982995
75,6.0,6.7014295955644
75,6.1000000000000005,7.460698554208127
75,6.2,7.730624256450911
75,6.300000000000001,8.678798145247951
75,6.4,2.7934157254155645
75,6.5,8.036475290551664
75,6.6000000000000005,6.249427144602558
75,6.7,4.363953571182275
75,6.800000000000001,9.288373543847154
75,6.9,9.82705172139335
75,7.0,6.363080975363744
75,7.1000000000000005,10.105831204463664
75,7.2,7.045511457773925
75,7.300000000000001,8.161265840369367
75,7.4,5.240067160436942
75,7.5,11.936137868620541
75,7.6000000000000005,1.3104425806652884
75,7.7,7.7107286257078345
75,7.800000000000001,9.653610661518286
75,7.9,2.8047656512472354
75,8.0,7.383561375319996
75,8.1,7.629187646130995
75,8.200000000000001,9.845205786810459
75,8.3,10.861427501391805
75,8.4,6.684865011068993
75,8.5,4.18327546848389
75,8.6,11.008937321367652
75,8.700000000000001,10.578165648297361
75,8.8,6.3173949558828495
75,8.9,8.284969822334439
75,9.0,8.29416922757122
75,9.1,8.68339512451176
75,9.200000000000001,7.702911918758951
75,9.3,10.630337048883774
75,9.4,2.6864593152110032
75,9.5,9.547776551041723
75,9.600000000000001,7.807893593215237
75,9.700000000000001,6.221553980363256
75,9.8,9.6026255492567
75,9.9,0.7109659088423186
75,10.0,9.371774957408654
75,10.100000000000001,7.328033321965999
75,10.200000000000001,3.421792501683702
75,10.3,7.2261174387017295
75,10.4,5.26895704231651
75,10.5,12.37527939463714
75,10.600000000000001,10.380381803766234
75,10.700000000000001,6.7709792106387106
75,10.8,3.7455806505083005
75,10.9,3.956956442137529
75,11.0,4.472025539279141
75,11.100000000000001,3.7506623590380572
75,11.200000000000001,2.7597393650785356
75,11.3,3.399602423513185
75,11.4,4.045902569670317
75,11.5,3.3011674525051142
75,11.600000000000001,2.701705093643995
75,11.700000000000001,1.9786001065520664
75,11.8,10.527493939213748
75,11.9,0.3170244659062247
75,12.0,1.2930440936040202
75,12.100000000000001,4.77233183678539
75,12.200000000000001,2.725367535820203
75,12.3,4.435144066572705
75,12.4,5.213163154455129
75,12.5,6.209822094730704
75,12.600000000000001,4.769797097248977
75,12.700000000000001,0.2406809062944042
75,12.8,5.3318210702222855
75,12.9,-2.0206904392179146
75,13.0,1.9370341639573927
75,13.100000000000001,0.8080595158816828
75,13.200000000000001,-0.7690888474806346
75,13.3,3.19057749674853
75,13.4,1.0809439224544097
75,13.5,3.915651455032256
75,13.600000000000001,-2.5138809126574175
75,13.700000000000001,3.133753620202695
75,13.8,2.0880226907216213
75,13.9,0.9842231083347018
75,14.0,-3.0545966384320304
75,14.100000000000001,-0.3127768134955482
75,14.200000000000001,-3.725952559266318
75,14.3,-5.241888496495617
75,14.4,7.988129284119057
75,14.5,2.04004575315337
75,14.600000000000001,3.91868860825651
75,14.700000000000001,-1.8107404137269958
75,14.8,0.827231514697305
75,14.9,0.6556629311565483
75,15.0,0.24182398102201375
75,15.100000000000001,-1.4262938632771596
75,15.200000000000001,-2.1788437962734695
75,15.3,-6.954259518719267
75,15.4,-0.42601101128889995
75,15.5,-1.0628269158670052
75,15.600000000000001,0.5039765250458985
75,15.700000000000001,-3.1444079987552667
75,15.8,1.7288552391144263
75,15.9,-3.910029102461019
75,16.0,-6.094095714220463
75,16.1,-0.7729388288502967
75,16.2,-4.450524775048999
75,16.3,-6.576183722058548
75,16.400000000000002,-3.2853830722251804
75,16.5,-1.8625049726784364
75,16.6,-3.304662653602972
75,16.7,-2.81730747641075
75,16.8,6.060215470356449
75,16.900000000000002,-2.307320094736666
75,17.0,-0.6772174820105699
75,17.1,-9.615547576800832
75,17.2,-3.8803632598834428
75,17.3,-2.9975361591316325
75,17.400000000000002,-5.981295812863555
75,17.5,-7.394949790684826
75,17.6,-4.346084593570206
75,17.7,-6.253729283048329
75,17.8,-7.078729343585732
75,17.900000000000002,-2.8450361080151825
75,18.0,-2.5015514658625917
75,18.1,-5.202746233712103
75,18.2,-7.210857704048672
75,18.3,-4.902389445867081
75,18.400000000000002,-4.22470331101183
75,18.5,-4.828779339213741
75,18.6,-10.142629944667807
75,18.7,-7.454997992072145
75,18.8,-5.809655608868272
75,18.900000000000002,-5.24622699814501
75,19.0,-4.490820340377854
75,19.1,-5.084510534096073
75,19.200000000000003,-9.900515414163273
75,19.3,-8.914135043884443
75,19.400000000000002,-10.276561033504416
75,19.5,-2.785706027355328
75,19.6,-6.91625106855475
75,19.700000000000003,-6.0511772374012365
75,19.8,-4.914729641505197
75,19.900000000000002,-8.379394228643218
75,20.0,-10.490323951469
75,20.1,-8.731366762858812
75,20.200000000000003,-8.083962818574703
75,20.3,-4.0048035780751725
75,20.400000000000002,-5.625446485791966
75,20.5,-10.554439752533039
75,20.6,-6.209638301446426
75,20.700000000000003,-6.062649665877738
75,20.8,-10.579121816678917
75,20.900000000000002,-8.219009750579751
75,21.0,-12.591891318976653
75,21.1,-7.153969587128355
75,21.200000000000003,-8.779868879454105
75,21.3,-11.372219905164707
75,21.400000000000002,-9.745350441485654
75,21.5,-7.398881444333819
75,21.6,-9.376098287986666
75,21.700000000000003,-7.236004098486924
75,21.8,-6.590393837229756
75,21.900000000000002,-10.056534234205625
75,22.0,-8.715626732633911
75,22.1,-2.548937830290124
75,22.200000000000003,-7.57972350172824
75,22.3,-9.967598768080776
75,22.400000000000002,-7.663610696507122
75,22.5,-11.121696754885875
75,22.6,-4.900054044676936
75,22.700000000000003,-6.759109708963381
75,22.8,-4.919589059155079
75,22.900000000000002,-5.324195076159691
75,23.0,-6.545772536262124
75,23.1,-5.02096996046126
75,23.200000000000003,-6.915428834529004
75,23.3,-8.980926213227038
75,23.400000000000002,-9.811686526045865
75,23.5,-8.29732124115806
75,23.6,-13.36104115988509
75,23.700000000000003,-2.4494863327312117
75,23.8,-11.213322781428225
75,23.900000000000002,-7.030081850387656
75,24.0,-10.039420109236428
75,24.1,-11.713240217637496
75,24.200000000000003,-6.755405868614586
75,24.3,-7.208825114458638
75,24.400000000000002,-6.740714900008065
75,24.5,-4.860214981494678
75,24.6,-7.666680452394951
75,24.700000000000003,-5.058953614513951
75,24.8,-4.605102449502828
75,24.900000000000002,-6.604782866526318
75,25.0,-6.353121395471413
75,25.1,-4.172180257310013
75,25.200000000000003,-5.246361136826377
75,25.3,-4.860406468118993
75,25.400000000000002,-11.06022874537015
75,25.5,-4.841536524027804
75,25.6,-3.9076718962376726
75,25.700000000000003,-5.046589557082028
75,25.8,-3.7246941041239654
75,25.900000000000002,0.34210884748145265
75,26.0,-4.057647047576529
75,26.1,-2.4578825332314906
75,26.200000000000003,-6.094372492556634
75,26.3,-5.946482630980224
75,26.400000000000002,-4.859988632046564
75,26.5,-6.051774934794999
75,26.6,-3.3625861497459097
75,26.700000000000003,-5.517472845813554
75,26.8,-3.4581607305431925
75,26.900000000000002,-6.449837686072072
75,27.0,-6.822407595771986
75,27.1,-4.2146862719678335
75,27.200000000000003,-5.0256022326318
75,27.3,-3.8215237154953963
75,27.400000000000002,-3.549634629488075
75,27.5,-2.72677845912707
75,27.6,0.9367428074838491
75,27.700000000000003,1.9180696562831367
75,27.8,0.48212263487358165
75,27.900000000000002,-2.056092466080438
75,28.0,2.7593875129538143
75,28.1,-4.635879623547983
75,28.200000000000003,-5.691230490278361
75,28.3,0.21269828308379474
75,28.400000000000002,-0.28694049506811964
75,28.5,-0.45370910798973474
75,28.6,0.1519303026599054
75,28.700000000000003,-3.8549220308586434
75,28.8,-2.469426784164682
75,28.900000000000002,3.6830460613306744
75,29.0,3.343770420941697
75,29.1,-0.856416593151306
75,29.200000000000003,5.955690736742198
75,29.3,-1.3802203069465142
75,29.400000000000002,0.04166106210405207
75,29.5,2.3738283178012756
75,29.6,-1.1729135782077165
75,29.700000000000003,0.7657195839744491
75,29.8,1.722866851262799
75,29.900000000000002,1.336134339694342
75,30.0,4.669432819627546
75,30.1,4.140972226048822
75,30.200000000000003,0.07604940483614131
75,30.3,1.2844366075354063
75,30.400000000000002,3.6009542110078705
75,30.5,3.1444592490101306
75,30.6,1.5018095283444604
75,30.700000000000003,4.690784094977757
75,30.8,5.834572924053605
75,30.900000000000002,2.361191846263124
75,31.0,6.063859700623403
75,31.1,0.18726803210033172
75,31.200000000000003,0.3633935734306206
75,31.3,5.78555580888545
75,31.400000000000002,2.593287866393454
75,31.5,2.328781329690334
75,31.6,4.301981659997617
75,31.700000000000003,3.4039211666506186
75,31.8,6.049393529904857
75,31.900000000000002,1.7251988080382574
75,32.0,4.564075218771587
75,32.1,13.52190511938317
75,32.2,6.01826516987125
75,32.300000000000004,1.0806973468776055
75,32.4,7.482335914937924
75,32.5,7.471629902539214
75,32.6,9.670053829036558
75,32.7,6.690901043574728
75,32.800000000000004,4.792542248045416
75,32.9,10.051738490953184
75,33.0,8.409904047683316
75,33.1,2.2248496551711607
75,33.2,8.68927032726982
75,33.300000000000004,6.3283628069052265
75,33.4,9.77420624895023
75,33.5,6.147847056026337
75,33.6,9.126733143421664
75,33.7,7.723497626205218
75,33.800000000000004,8.776790962123043
75,33.9,7.329978802008621
75,34.0,6.41101961695367
75,34.1,7.677814498471259
75,34.2,9.147883667471794
75,34.300000000000004,8.667560623491545
75,34.4,11.713022244302168
75,34.5,8.786885286947662
75,34.6,9.35532962154407
75,34.7,13.06278482604615
75,34.800000000000004,8.009040591677827
75,34.9,9.215337108662828
75,35.0,6.397493890621024
75,35.1,8.035318549739417
75,35.2,12.056451505520947
75,35.300000000000004,8.748301162998045
75,35.4,11.610516762323972
75,35.5,5.329944010495184
75,35.6,4.495953671866002
75,35.7,8.768813815393909
75,35.800000000000004,4.5739641630097365
75,35.9,14.668093897180814
75,36.0,11.103698377474537
75,36.1,4.854714687705588
75,36.2,7.533710716907942
75,36.300000000000004,6.488858474533751
75,36.4,8.94535516846008
75,36.5,7.731771623464619
75,36.6,10.17338514018044
75,36.7,11.477977861040637
75,36.800000000000004,7.213547449204453
75,36.9,4.789904025527598
75,37.0,9.081671366466308
75,37.1,7.2122020703845875
75,37.2,10.430429575891953
75,37.300000000000004,7.1291354359915715
75,37.4,9.521406367449238
75,37.5,8.220998561039368
75,37.6,6.8385513030079395
75,37.7,6.114629220227496
75,37.800000000000004,8.945048104759804
75,37.9,13.405394535622982
75,38.0,9.091490106058775
75,38.1,6.581251254565199
75,38.2,8.589101542932264
75,38.300000000000004,7.011615383140227
75,38.400000000000006,3.4273485686116656
75,38.5,7.304099441620507
75,38.6,10.296947575083664
75,38.7,5.530277658824106
75,38.800000000000004,3.39565655864032
75,38.900000000000006,7.319220198743316
75,39.0,10.559956397300667
75,39.1,8.214745500970263
75,39.2,8.28997569125169
75,39.300000000000004,11.375226761772808
75,39.400000000000006,9.54539182866782
75,39.5,7.145087572330714
75,39.6,4.709744549069515
75,39.7,5.441140887700969
75,39.800000000000004,4.701840881357162
75,39.900000000000006,6.941822461757303
75,40.0,2.4715236403844836
75,40.1,8.398931400020613
75,40.2,4.753996231178668
75,40.300000000000004,3.2409382394965385
75,40.400000000000006,6.128973156703889
75,40.5,-1.2485731316989164
75,40.6,1.6985077628182903
75,40.7,1.9843419068090449
75,40.800000000000004,5.522329453060328
75,40.900000000000006,2.0886268651849145
75,41.0,6.712934993777468
75,41.1,1.8708459175866974
75,41.2,4.126791342609712
75,41.300000000000004,0.8881921116981026
75,41.400000000000006,5.380878030836201
75,41.5,1.687892770763151
75,41.6,3.4525737921745114
75,41.7,0.7527739257475917
75,41.800000000000004,-0.9020698367517419
75,41.900000000000006,1.065168455950241
75,42.0,4.214853847609875
75,42.1,-1.2482126455538327
75,42.2,-2.700972672260521
75,42.300000000000004,0.17801276071014038
75,42.400000000000006,2.7248845187079147
75,42.5,-2.041951868326634
75,42.6,-0.937684897409019
75,42.7,0.7069747532885788
75,42.800000000000004,-0.7563740271540734
75,42.900000000000006,0.612380197303092
75,43.0,2.6921966109053366
75,43.1,-0.4046067240983216
75,43.2,-0.7970396923407611
75,43.300000000000004,1.1061709469880543
75,43.400000000000006,-1.138126736209421
75,43.5,-3.540071275107294
75,43.6,-3.8663955402765393
75,43.7,-4.289744991740957
75,43.800000000000004,3.1085099759005987
75,43.900000000000006,-1.959294754476519
75,44.0,-0.5799848329377907
75,44.1,-0.4060500183971089
75,44.2,-4.724370553669836
75,44.300000000000004,-0.9719878537695964
75,44.400000000000006,-4.10584256310858
75,44.5,-8.047444799904609
75,44.6,-3.4927423782006026
75,44.7,-5.78843319462896
75,44.800000000000004,-4.139471743509564
75,44.900000000000006,-2.6926185949944847
75,45.0,1.8606780346592693
75,45.1,-5.3466400181960845
75,45.2,-4.642912866857787
75,45.300000000000004,-3.2178854587397185
75,45.400000000000006,-3.40782336070856
75,45.5,-3.987417931783997
75,45.6,-6.305132355875456
75,45.7,-6.568541976473524
75,45.800000000000004,-5.842149170955503
75,45.900000000000006,-9.76714138184099
75,46.0,-9.526696804826297
75,46.1,-10.707734077784085
75,46.2,-2.722697045240106
75,46.300000000000004,-6.0030622033658085
75,46.400000000000006,5.421830543182065
75,46.5,-0.3317208118323922
75,46.6,-5.062186614016046
75,46.7,-12.5811146204449
75,46.800000000000004,-15.72591544144861
75,46.900000000000006,-19.49739989816729
75,47.0,-20.85919008093563
75,47.1,-5.989807159748782
75,47.2,9.293320481002311
75,47.300000000000004,21.924341122608137
75,47.400000000000006,23.403822066573326
75,47.5,9.586793479788408
75,47.6,-12.991936520499479
75,47.7,61.49147853381085
75,47.800000000000004,482.1919040971153
75,47.900000000000006,1295.0616745992072
75,48.0,1687.6205509961608
75,48.1,897.7007735384672
75,48.2,-290.7998351119184
75,48.300000000000004,-843.984185595541
75,48.400000000000006,-740.6091016647903
75,48.5,-426.96070259058877
75,48.6,-232.86498398459733
75,48.7,-152.30518167884568
75,48.800000000000004,-93.84558865614338
75,48.900000000000006,-2.9846003610893344
75,49.0,76.76272051460296
75,49.1,128.2008911169629
75,49.2,113.48235256354135
75,49.300000000000004,42.204645521996866
75,49.400000000000006,-62.20830223894451
75,49.5,-139.5589846918449
75,49.6,-156.85124414285542
75,49.7,-101.06203477771348
75,49.800000000000004,-1.7106506885119863
75,49.900000000000006,94.85336487023986
75,50.0,135.9344817231108
75,50.1,107.33815041364312
75,50.2,36.105946157745535
75,50.300000000000004,-57.665095490257265
75,50.400000000000006,-121.46263748018319
75,50.5,-123.88078064847709
75,50.6,-77.90333378993957
75,50.7,2.592582913974984
75,50.800000000000004,57.732079934290724
75,50.900000000000006,76.72772281220162
75,51.0,62.408186078975646
75,51.1,11.954707438999275
75,51.2,-31.91335158083855
75,51.300000000000004,-63.094700848394226
75,51.400000000000006,-66.39993758859073
75,51.5,-38.30753851369302
75,51.6,-7.245260172548474
75,51.7,17.722364554146672
75,51.800000000000004,24.966513923190917
75,51.900000000000006,12.253328346991378
75,52.0,0.2273716376096031
75,52.1,-18.45441866756125
75,52.2,-26.32789233982126
75,52.300000000000004,-20.603689090257426
75,52.400000000000006,-9.960669818676056
75,52.5,-7.422179233818663
75,52.6,4.496773692847793
75,52.7,-3.9509027697833172
75,52.800000000000004,0.16864999700302707
75,52.900000000000006,-6.517166902397513
75,53.0,-8.319514624076868
75,53.1,-11.807323309124792
75,53.2,-10.243764579772858
75,53.300000000000004,-7.999365166953029
75,53.400000000000006,-6.530040102877079
75,53.5,-3.6918564896028503
75,53.6,1.3085662354434269
75,53.7,-6.366611138192835
75,53.800000000000004,-5.566647965389391
75,53.900000000000006,-9.801939214006142
75,54.0,-11.722769651164988
75,54.1,-1.7359060048607775
75,54.2,-8.237982987013847
75,54.300000000000004,-6.495157410645208
75,54.400000000000006,-4.362733838273752
75,54.5,-1.9907711453429293
75,54.6,-3.369027652744059
75,54.7,0.6159130287331754
75,54.800000000000004,-4.38078936739909
75,54.900000000000006,-8.348258771656658
75,55.0,-3.267681192185077
75,55.1,-3.147671981174566
75,55.2,-5.325363332518616
75,55.300000000000004,-3.944702339543914
75,55.400000000000006,-4.41652120119821
75,55.5,1.5478729236021507
75,55.6,-4.1568094901476265
75,55.7,-5.942868144446557
75,55.800000000000004,-1.5928686583786915
75,55.900000000000006,-6.677553928188451
75,56.0,-0.8837989321065943
75,56.1,-0.7624232418284629
75,56.2,-3.718541950375658
75,56.300000000000004,-2.834557688178204
75,56.400000000000006,-2.76290151697622
75,56.5,2.949608406441259
75,56.6,0.07439149932729297
75,56.7,-3.7474730688082203
75,56.800000000000004,-3.6811976051948863
75,56.900000000000006,-0.5806852034543586
75,57.0,-0.2442886804983103
75,57.1,-1.9557695808992988
75,57.2,0.8691155564587767
75,57.300000000000004,-0.17637394656988087
75,57.400000000000006,3.1847973456669223
75,57.5,1.761780750351319
75,57.6,0.6104694956178631
75,57.7,1.3573436690117726
75,57.800000000000004,-1.0141987709298428
75,57.900000000000006,3.5781646733492947
75,58.0,2.4973849224861597
75,58.1,0.6692129065814939
75,58.2,2.17768573168927
75,58.300000000000004,0.7120657395398743
75,58.400000000000006,8.441331122690775
75,58.5,1.2634816584588036
75,58.6,3.856331597984941
75,58.7,3.636479657003334
75,58.800000000000004,0.894287163403435
75,58.900000000000006,3.0677040396686728
75,59.0,2.4131454746061993
75,59.1,3.999632585192762
75,59.2,4.175352311640038
75,59.300000000000004,5.61066599248528
75,59.400000000000006,5.804388794201353
75,59.5,2.98255445367676
75,59.6,2.839420373215676
75,59.7,2.8265559854446805
75,59.800000000000004,2.292096493989187
75,59.900000000000006,0.23643551354102849
75,60.0,6.245766769164706
75,60.1,4.678232414928288
75,60.2,4.48740174217956
75,60.300000000000004,1.0071365909473615
75,60.400000000000006,1.5322699962011979
75,60.5,-0.8728894249716427
75,60.6,5.2865245343647995
75,60.7,7.34253443024766
75,60.800000000000004,7.2780255855135
75,60.900000000000006,5.716971847978099
75,61.0,3.3325175601702717
75,61.1,6.121120201603102
75,61.2,6.260707235144912
75,61.300000000000004,8.127397663645857
75,61.400000000000006,8.382812808114654
75,61.5,5.904549703516458
75,61.6,6.582245700739333
75,61.7,8.505033418043197
75,61.800000000000004,7.999836350521514
75,61.900000000000006,6.519108593377881
75,62.0,1.609951984761774
75,62.1,5.450780469776346
75,62.2,9.28930309484268
75,62.300000000000004,7.64239921268668
75,62.400000000000006,9.722564057299463
75,62.5,6.54475462999665
75,62.6,7.673189814743112
75,62.7,9.517361934568868
75,62.800000000000004,9.31050192681505
75,62.900000000000006,8.62386590739171
75,63.0,10.416822262921137
75,63.1,11.079248756098863
75,63.2,11.259381202179423
75,63.300000000000004,3.6930969079271936
75,63.400000000000006,6.641493347673828
75,63.5,7.067059741491624
75,63.6,7.004316655812672
75,63.7,3.845360331128699
75,63.800000000000004,11.211896961248556
75,63.900000000000006,5.471680589599261
75,64.0,8.235679486341779
75,64.10000000000001,1.9844885227319393
75,64.2,6.731622031033632
75,64.3,7.354564344762298
75,64.4,5.6565253053643865
75,64.5,9.827363422162268
75,64.60000000000001,13.92882165562616
75,64.7,5.7735694076874235
75,64.8,5.780556345011665
75,64.9,12.30034064369001
75,65.0,9.299278558172276
75,65.10000000000001,7.073500491852301
75,65.2,4.630597304549771
75,65.3,9.62307918036327
75,65.4,8.282544562635787
75,65.5,11.585374494612159
75,65.60000000000001,5.477425039972594
75,65.7,7.167911494041203
75,65.8,6.775306993675182
75,65.9,6.942746109048761
75,66.0,10.064966991141235
75,66.10000000000001,9.459268660935084
75,66.2,5.681203882161602
75,66.3,6.976824323017275
75,66.4,6.552493063276506
75,66.5,9.270773864005655
75,66.60000000000001,6.522384309739794
75,66.7,4.079756300414468
75,66.8,5.919724537553467
75,66.9,6.5686037415330185
75,67.0,8.882912310471658
75,67.10000000000001,9.678053532192978
75,67.2,9.610891047930487
75,67.3,7.186637835289268
75,67.4,4.87088798570144
75,67.5,7.505312813253277
75,67.60000000000001,5.4582301216281905
75,67.7,4.252979371888969
75,67.8,6.417001255085075
75,67.9,6.569614659733238
75,68.0,7.600006996200806
75,68.10000000000001,3.048644422942439
75,68.2,0.9938611908661779
75,68.3,6.290508052415922
75,68.4,2.4763721530594607
75,68.5,7.2398661028458475
75,68.60000000000001,1.851081042097317
75,68.7,3.001972581513871
75,68.8,-0.2153600628109107
75,68.9,9.272872155565446
75,69.0,2.853182978708916
75,69.10000000000001,3.6372782692825494
75,69.2,2.3719624725588746
75,69.3,2.929373503772904
75,69.4,5.441440837800739
75,69.5,3.4675267719157508
75,69.60000000000001,3.013237211102853
75,69.7,5.8541675641800435
75,69.8,-0.6681288710950488
75,69.9,5.375890700600012
75,70.0,6.367172299316852
75,70.10000000000001,-1.2600951060977161
75,70.2,2.7196334967983606
75,70.3,-1.3467102568224336
75,70.4,-3.5791228022609074
75,70.5,-0.5944314649733653
75,70.60000000000001,2.6638651370060686
75,70.7,3.073475296544939
75,70.8,0.08608029355889246
75,70.9,-1.3335099324973096
75,71.0,-0.4404730684083361
75,71.10000000000001,-1.311777768605774
75,71.2,-1.2714200388159593
75,71.3,-5.894941627073697
75,71.4,-0.6431062794690173
75,71.5,-0.5187253284102061
75,71.60000000000001,5.053976026214412
75,71.7,1.11596814549182
75,71.8,-1.104040838361487
75,71.9,-0.7459522795740737
75,72.0,-0.2823366918877117
75,72.10000000000001,-3.0331466014532094
75,72.2,-6.6599273877489695
75,72.3,-3.452395631184136
75,72.4,-2.3664820958160493
75,72.5,-1.683514429916147
75,72.60000000000001,-3.9368537227499156
75,72.7,-4.621596976095537
75,72.8,-3.144766184133546
75,72.9,-2.5174720863780506
75,73.0,-1.3903282546422964
75,73.10000000000001,-3.5888029199829834
75,73.2,-2.050859685841165
75,73.3,-5.80520678890957
75,73.4,-1.4339751842772197
75,73.5,-3.768047523476918
75,73.60000000000001,-7.190771247421673
75,73.7,-4.569381921144097
75,73.8,-3.8236513716732445
75,73.9,-6.900235340257536
75,74.0,-2.5757314275464465
75,74.10000000000001,-5.368025951969979
75,74.2,-3.5424674459508525
75,74.3,-7.309613323125559
75,74.4,-4.185799025867857
75,74.5,-3.2818761954638687
75,74.60000000000001,-6.335563834930697
75,74.7,-5.847420511570879
75,74.8,-6.924024345046148
75,74.9,-4.79028290908803
75,75.0,-5.669196813285931
75,75.10000000000001,-4.619505165936496
75,75.2,-6.136699537219668
75,75.3,-9.283041076966045
75,75.4,-9.499608227465117
75,75.5,-7.451332387641732
75,75.60000000000001,-5.283808327703834
75,75.7,-0.8821713739235424
75,75.8,-4.468140697318399
75,75.9,-8.271522037202397
75,76.0,-11.897973460585279
75,76.10000000000001,-5.638726810412388
75,76.2,-6.968171122068013
75,76.3,-10.127407337858804
75,76.4,-4.94056984236504
75,76.5,-7.2348266488727155
75,76.60000000000001,-8.358333328049971
75,76.7,-12.229269415115208
75,76.80000000000001,-5.048295764442166
75,76.9,-7.357764273181536
75,77.0,-8.210393454775023
75,77.10000000000001,-10.049324673513729
75,77.2,-8.614500695919435
75,77.30000000000001,-4.649623603188781
75,77.4,-6.481727213589028
75,77.5,-2.816999206995593
75,77.60000000000001,-5.208638540599512
75,77.7,-7.03193724370223
75,77.80000000000001,-5.683373472388773
75,77.9,-7.54866224262744
75,78.0,-11.60034677372553
75,78.10000000000001,-9.504690708317987
75,78.2,-7.17431493288096
75,78.30000000000001,-10.354985443937954
75,78.4,-9.321564208381098
75,78.5,-11.14771061837067
75,78.60000000000001,-3.8054386168141408
75,78.7,-11.32293729032457
75,78.80000000000001,-10.619082994460866
75,78.9,-10.222360699753423
75,79.0,-5.556275746102801
75,79.10000000000001,-5.148034089304571
75,79.2,-9.328567583403874
75,79.30000000000001,-6.475578769701614
75,79.4,-10.115581539615219
75,79.5,-7.841278478657365
75,79.60000000000001,-1.2741311893965739
75,79.7,-5.401030637936038
75,79.80000000000001,-7.821681941964221
75,79.9,-10.980516222285749
75,80.0,-8.360762812211952
75,80.10000000000001,-10.855640533186259
75,80.2,-12.954720130125827
75,80.30000000000001,-5.908973582968586
75,80.4,-5.898698932502024
75,80.5,-6.782762630775103
75,80.60000000000001,-4.708499315582079
75,80.7,-11.307375450932136
75,80.80000000000001,-3.550892625718793
75,80.9,-9.667450056351887
75,81.0,-5.920837984831294
75,81.10000000000001,-5.635650414589951
75,81.2,-3.9827310333354764
75,81.30000000000001,-1.5795294150958705
75,81.4,-5.604175088876636
75,81.5,-7.319668124891674
75,81.60000000000001,-9.037696043032168
75,81.7,-5.498190336122862
75,81.80000000000001,-8.150015475196236
75,81.9,-9.307976959281717
75,82.0,-6.2989432204059
75,82.10000000000001,-3.991168086935749
75,82.2,-6.318439004367764
75,82.30000000000001,-8.04856977233678
75,82.4,-4.930270379987492
75,82.5,-8.261211429623543
75,82.60000000000001,-8.810979360882252
75,82.7,-1.2293221759160706
75,82.80000000000001,-4.128974276674597
75,82.9,0.3571483454173957
75,83.0,-8.135185926863574
75,83.10000000000001,-1.7096614167134638
75,83.2,-4.595700921733799
75,83.30000000000001,2.69559691058389
75,83.4,-4.390324047160397
75,83.5,-4.809162447470124
75,83.60000000000001,-2.4820981373391513
75,83.7,-2.9090983936840327
75,83.80000000000001,-4.363707950954634
75,83.9,-0.7631566936294815
75,84.0,-1.1335100614270823
75,84.10000000000001,-0.4487463703268956
75,84.2,-1.4525952512913234
75,84.30000000000001,-4.006865522832848
75,84.4,-3.7571275736038605
75,84.5,-0.304694261185609
75,84.60000000000001,-3.942652712287137
75,84.7,2.787230405729777
75,84.80000000000001,-1.328753120955693
75,84.9,-3.472841366712998
75,85.0,0.8735451247809499
75,85.10000000000001,-2.172994981227539
75,85.2,0.3152836529214138
75,85.30000000000001,-2.79712829156954
75,85.4,0.4640213610305919
75,85.5,-5.35758828005639
75,85.60000000000001,-9.89568424340641
75,85.7,-7.612243239458377
75,85.80000000000001,-6.410634480312428
75,85.9,1.6963502555234142
75,86.0,8.391694894350124
75,86.10000000000001,7.999096450504186
75,86.2,10.393913983100195
75,86.30000000000001,20.734337624630783
75,86.4,24.747591438364964
75,86.5,25.655746466654783
75,86.60000000000001,28.160360444196908
75,86.7,24.512727709445684
75,86.80000000000001,15.409749434968276
75,86.9,10.285034301313107
75,87.0,-5.304735787225079
75,87.10000000000001,-20.78723752112922
75,87.2,-33.541670880101364
75,87.30000000000001,-41.888236875002995
75,87.4,-50.228349854188686
75,87.5,-55.862880559832966
75,87.60000000000001,-58.72194927151277
75,87.7,-51.81112997641476
75,87.80000000000001,-34.37095455591278
75,87.9,-17.245667415142783
75,88.0,4.256099443184426
75,88.10000000000001,21.829793407533934
75,88.2,40.82473413512427
75,88.30000000000001,54.35349352947545
75,88.4,67.20299078026693
75,88.5,69.78881178093273
75,88.60000000000001,61.176748027525605
75,88.7,54.989308845812495
75,88.80000000000001,42.25099064559204
75,88.9,24.22749230025652
75,89.0,11.696130764384394
75,89.10000000000001,1.0518469683271645
75,89.2,-13.275743672401568
75,89.30000000000001,-13.881489502298564
75,89.4,-20.206734710326078
75,89.5,-19.064991733241932
75,89.60000000000001,-16.886474801620913
75,89.7,-15.45479172390708
75,89.80000000000001,-5.670130792953681
75,89.9,-1.3597499337336707
75,90.0,2.178302264899506
75,90.10000000000001,6.226050223851347
75,90.2,10.288375518038439
75,90.30000000000001,10.290673859993323
75,90.4,9.86211765068213
75,90.5,11.264166414389855
75,90.60000000000001,12.414845290640368
75,90.7,9.894454559567581
75,90.80000000000001,7.067446795663864
75,90.9,10.479043638529872
75,91.0,7.1547436260579875
75,91.10000000000001,9.019268089917649
75,91.2,7.003686725820238
75,91.30000000000001,4.942995615893912
75,91.4,4.1375116676903145
75,91.5,5.147859189921337
75,91.60000000000001,6.911947494753735
75,91.7,1.968160916654618
75,91.80000000000001,8.651986733129194
75,91.9,10.523961991585866
75,92.0,7.234190923998912
75,92.10000000000001,5.115647711689425
75,92.2,3.7592311311294306
75,92.30000000000001,8.517230734480526
75,92.4,9.003444167045462
75,92.5,8.131118176884316
75,92.60000000000001,9.736993349414785
75,92.7,6.319981926282799
75,92.80000000000001,7.370973573627084
75,92.9,8.689505817599708
75,93.0,7.429314452306565
75,93.10000000000001,9.203068580508342
75,93.2,9.211045045884877
75,93.30000000000001,7.2757923359743195
75,93.4,5.524921823610316
75,93.5,6.099573513460977
75,93.60000000000001,10.621237937356797
75,93.7,4.840013531527822
75,93.80000000000001,7.964009007101715
75,93.9,5.28433029478396
75,94.0,13.499626080851678
75,94.10000000000001,6.0984348685667715
75,94.2,9.218293575157405
75,94.30000000000001,5.158300239172805
75,94.4,15.50116696768576
75,94.5,4.119070461356562
75,94.60000000000001,8.285340556850812
75,94.7,4.192623974052454
75,94.80000000000001,9.300792229611162
75,94.9,4.037223855906499
75,95.0,5.9884815937085545
75,95.10000000000001,3.0264951844563295
75,95.2,5.933742930111144
75,95.30000000000001,6.839902152398199
75,95.4,11.098405339490059
75,95.5,0.8915107890688904
75,95.60000000000001,7.911903200271586
75,95.7,6.551812045133123
75,95.80000000000001,4.818939933102337
75,95.9,5.701911802755228
75,96.0,7.097298809155386
75,96.10000000000001,5.911944909014246
75,96.2,5.777903560799352
75,96.30000000000001,3.8159279362554424
75,96.4,4.641547117494052
75,96.5,6.727984312006371
75,96.60000000000001,3.0831622627480737
75,96.7,3.9604695007342134
75,96.80000000000001,5.307567073158654
75,96.9,5.802527992653206
75,97.0,5.8137981359626405
75,97.10000000000001,4.202680697174945
75,97.2,-0.5219043173347007
75,97.30000000000001,6.3222986572171775
75,97.4,6.774487980502368
75,97.5,7.1072417686618135
75,97.60000000000001,4.817778029057208
75,97.7,5.923852376536216
75,97.80000000000001,2.9168275911178063
75,97.9,0.7166093118333121
75,98.0,2.904989394538165
75,98.10000000000001,2.558395114527227
75,98.2,5.4995472376334416
75,98.30000000000001,4.839181419739509
75,98.4,1.3849924198481163
75,98.5,1.4527223102387627
75,98.60000000000001,2.225491770677212
75,98.7,2.3463949000365547
75,98.80000000000001,5.530437778345268
75,98.9,0.5945551897565671
75,99.0,4.85727639702905
75,99.10000000000001,-2.0004510275365646
75,99.2,-0.4020932415870717
75,99.30000000000001,5.2768034810613615
75,99.4,1.9157677823993355
75,99.5,1.0126389832368492
75,99.60000000000001,2.0543416906933643
75,99.7,-0.12926688856765162
75,99.80000000000001,0.3689063008878172
75,99.9,0.5971487450564825
75,100.0,0.42356430987456856
75,100.10000000000001,0.5953180926870641
75,100.2,-1.9167577350749956
75,100.30000000000001,0.24658913298968832
75,100.4,-2.598670947106828
75,100.5,0.4514806400877148
75,100.60000000000001,-1.5934527422951543
75,100.7,-0.7321577848520983
75,100.80000000000001,-0.8315490133009359
75,100.9,-3.539314549032407
75,101.0,-3.19936367235026
75,101.10000000000001,-2.3961531627453083
75,101.2,-1.0938251443791405
75,101.30000000000001,-0.041017810312381275
75,101.4,-2.678212767079466
75,101.5,-4.406288513702073
75,101.60000000000001,-2.2790781791894608
75,101.7,-3.0933618728130297
75,101.80000000000001,-1.3284099835061125
75,101.9,-0.36556566007051483
75,102.0,1.3177490750365854
75,102.10000000000001,-7.780173898342245
75,102.2,-5.017582161168441
75,102.30000000000001,-4.1794504592523065
75,102.4,-2.2073182761253305
75,102.5,-2.6176112474086546
75,102.60000000000001,-4.300051935368096
75,102.7,-2.6819133417279875
75,102.80000000000001,-6.101552063457763
75,102.9,-5.782748380076802
75,103.0,-4.266377854164153
75,103.10000000000001,-7.79923706121507
75,103.2,-1.3851082559836891
75,103.30000000000001,-7.383727911627628
75,103.4,-8.35258874466878
75,103.5,-4.877961503868612
75,103.60000000000001,-10.545461511621875
75,103.7,-6.98291455294755
75,103.80000000000001,-6.4462454471325366
75,103.9,-2.9644408000688456
75,104.0,1.312791506428833
75,104.10000000000001,-5.941090364200505
75,104.2,-9.672166753584609
75,104.30000000000001,-5.927230287809267
75,104.4,-5.022529826261101
75,104.5,-9.056083184040656
75,104.60000000000001,-6.004599682956582
75,104.7,-3.029916809251757
75,104.80000000000001,-5.8194857324966325
75,104.9,-9.066705960704805
75,105.0,-8.583028949998878
75,105.10000000000001,-11.347058070809105
75,105.2,-8.428660670367835
75,105.30000000000001,-8.856621877184027
75,105.4,-4.03758523441488
75,105.5,-11.391526854125892
75,105.60000000000001,-11.518655376638884
75,105.7,-7.1879586690562745
75,105.80000000000001,-6.247580667337451
75,105.9,-9.125442930606946
75,106.0,-7.329138832034236
75,106.10000000000001,-6.191399964150435
75,106.2,-6.051578769678313
75,106.30000000000001,-7.005791152614646
75,106.4,-6.603000264800111
75,106.5,-11.809113773863855
75,106.60000000000001,-6.005782465909015
75,106.7,-7.662374446081988
75,106.80000000000001,-10.074942519583306
75,106.9,-9.010917683835885
75,107.0,-8.76324656175041
75,107.10000000000001,-9.397832955426829
75,107.2,-8.447395859142548
75,107.30000000000001,-9.001608906005536
75,107.4,-11.63293817736567
75,107.5,-2.667048181361463
75,107.60000000000001,-7.047834091320226
75,107.7,-2.4760191461631758
75,107.80000000000001,-8.637029154982756
75,107.9,-3.9139983782289782
75,108.0,-8.210966899846763
75,108.10000000000001,-3.9585499216315103
75,108.2,-5.51705663937833
75,108.30000000000001,-5.872087178663346
75,108.4,-8.15792568462081
75,108.5,-7.118406148933753
75,108.60000000000001,-4.289930692783887
75,108.7,-12.509520067789978
75,108.80000000000001,-9.192237842481521
75,108.9,-10.522152368466656
75,109.0,-9.627562124514634
75,109.10000000000001,-5.7370495619511646
75,109.2,-5.116479512855928
75,109.30000000000001,-7.604350211921867
75,109.4,-4.213767616732788
75,109.5,-8.768552540093156
75,109.60000000000001,-8.331111627625383
75,109.7,-6.436778751931269
75,109.80000000000001,-5.647614131108349
75,109.9,-6.8731602802257665
75,110.0,-9.10438135479924
75,110.10000000000001,-4.922885789162256
75,110.2,-1.9855275824594694
75,110.30000000000001,-7.045257791198558
75,110.4,-5.93113186307227
75,110.5,-8.640337034957408
75,110.60000000000001,-5.764779977432736
75,110.7,-7.907969534994741
75,110.80000000000001,-5.0748240106737255
75,110.9,-1.509941643442672
75,111.0,-3.9366909096084255
75,111.10000000000001,-6.910157798701245
75,111.2,-2.962964971971884
75,111.30000000000001,-9.124535326648283
75,111.4,-1.6785020645595976
75,111.5,-3.79399630132325
75,111.60000000000001,-7.050158011873718
75,111.7,-5.061565447637279
75,111.80000000000001,-6.367879958548637
75,111.9,1.0169313298126927
75,112.0,-2.381431849533754
75,112.10000000000001,-6.156063010616308
75,112.2,-5.163405538657513
75,112.30000000000001,-2.9406832717903084
75,112.4,-4.595470150904798
75,112.5,-2.4284923259062996
75,112.60000000000001,-1.9072598060652117
75,112.7,-6.294550468207717
75,112.80000000000001,-0.9921512858742296
75,112.9,1.8182351111424206
75,113.0,-1.3891380219802207
75,113.10000000000001,-0.4650930230521195
75,113.2,-3.120868391849881
75,113.30000000000001,-2.936953913135559
75,113.4,-0.7405036135976502
75,113.5,-3.5141837330685854
75,113.60000000000001,-5.163554930589523
75,113.7,1.0826854820334035
75,113.80000000000001,-2.413470318553684
75,113.9,-0.08807710490498843
75,114.0,-0.17024072303991766
75,114.10000000000001,0.7395115166833481
75,114.2,1.3877052517168946
75,114.30000000000001,1.3848853757036834
75,114.4,-0.47510680049444065
75,114.5,2.4577465802032203
75,114.60000000000001,-0.29251694289722185
75,114.7,1.6624915855936422
75,114.80000000000001,-0.5938329517794692
75,114.9,1.3320061235584353
75,115.0,-0.818400200185935
75,115.10000000000001,4.933348807346505
75,115.2,2.4568167236681226
75,115.30000000000001,-0.0034343229837310307
75,115.4,-2.466614988894207
75,115.5,0.3527464394551314
75,115.60000000000001,5.569911155453495
75,115.7,0.889649788006047
75,115.80000000000001,5.093265822212187
75,115.9,2.2769067253331543
75,116.0,2.1541544838166136
75,116.10000000000001,0.5188946525014386
75,116.2,4.005563900035437
75,116.30000000000001,6.015540940231235
75,116.4,5.541223855796082
75,116.5,5.058137131925772
75,116.60000000000001,1.3261311642449618
75,116.7,4.297806655094415
75,116.80000000000001,1.360238066618833
75,116.9,2.229072726616448
75,117.0,5.401436989478363
75,117.10000000000001,1.9729489365807789
75,117.2,5.962321311237782
75,117.30000000000001,4.107631097366741
75,117.4,8.592148627676773
75,117.5,4.743809637065471
75,117.60000000000001,6.481101968250323
75,117.7,7.877510328461411
75,117.80000000000001,6.942502976345991
75,117.9,7.197890198450721
75,118.0,1.4193638086216307
75,118.10000000000001,8.057255593443342
75,118.2,1.9285666373284895
75,118.30000000000001,4.360384411615492
75,118.4,0.05581607551211576
75,118.5,5.409651670997862
75,118.60000000000001,4.669796730065337
75,118.7,5.838288283158408
75,118.80000000000001,4.084541253161829
75,118.9,6.199218353057683
75,119.0,4.893883560260865
75,119.10000000000001,6.3090143004939305
75,119.2,8.918259084175567
75,119.30000000000001,1.537295072446633
75,119.4,6.901574770275061
75,119.5,6.710420472718109
75,119.60000000000001,3.3060711649348065
75,119.7,6.139073316738883
75,119.80000000000001,10.824129632337142
75,119.9,8.249861006664268
75,120.0,5.9947633477657885
84,0.0,8.320887599581177
84,0.1,7.486433401665022
84,0.2,3.4851918062198615
84,0.30000000000000004,5.857817477151096
84,0.4,6.7490497441415105
84,0.5,6.973768498022201
84,0.6000000000000001,7.871682212593033
84,0.7000000000000001,7.111339256831794
84,0.8,7.284865558482835
84,0.9,5.903765511120955
84,1.0,6.376451092987555
84,1.1,6.061123927954776
84,1.2000000000000002,8.67685526359984
84,1.3,7.1714727201668165
84,1.4000000000000001,6.056567923745007
84,1.5,9.431330417380504
84,1.6,13.647870327010605
84,1.7000000000000002,7.292633086293197
84,1.8,10.84568688278335
84,1.9000000000000001,6.406549152475844
84,2.0,8.31205876887056
84,2.1,10.08065985445933
84,2.2,10.643190421245219
84,2.3000000000000003,13.181653247384457
84,2.4000000000000004,6.711440932139411
84,2.5,8.132879807410974
84,2.6,11.326038150225465
84,2.7,11.196147718575485
84,2.8000000000000003,5.841285655759128
84,2.9000000000000004,7.946487691503546
84,3.0,10.46408822158426
84,3.1,10.996086977062781
84,3.2,5.563710412984525
84,3.3000000000000003,8.790517080169531
84,3.4000000000000004,2.333052952343607
84,3.5,10.375027961740155
84,3.6,12.199399580859945
84,3.7,5.032906000563886
84,3.8000000000000003,7.174671454259589
84,3.9000000000000004,4.135871311593871
84,4.0,6.474539089818619
84,4.1000000000000005,8.92263604119608
84,4.2,8.968845002425283
84,4.3,8.456687662298169
84,4.4,3.9067494711437805
84,4.5,5.20407933294006
84,4.6000000000000005,11.897895274124977
84,4.7,7.735297887315071
84,4.800000000000001,6.016012668499163
84,4.9,7.625159864145113
84,5.0,5.458958890082723
84,5.1000000000000005,7.228778754416581
84,5.2,4.814946364751582
84,5.300000000000001,4.943114201429343
84,5.4,2.6174314253400954
84,5.5,10.799310492096621
84,5.6000000000000005,8.112366031569742
84,5.7,7.765819389968256
84,5.800000000000001,8.265388924685972
84,5.9,5.667605559553057
84,6.0,3.158891735985144
84,6.1000000000000005,7.01924050999943
84,6.2,7.339382945293675
84,6.300000000000001,6.831745323993893
84,6.4,4.383542854056667
84,6.5,1.4566363070488881
84,6.6000000000000005,7.07480734967506
84,6.7,5.98314334007897
84,6.800000000000001,4.671509077922089
84,6.9,4.093095508616801
84,7.0,4.212088633249478
84,7.1000000000000005,2.9856742066707818
84,7.2,0.5642066368991698
84,7.300000000000001,3.823683878674349
84,7.4,2.858989833885442
84,7.5,4.580009151330312
84,7.6000000000000005,2.853410037703485
84,7.7,4.180664922027611
84,7.800000000000001,0.299470524684756
84,7.9,4.276585462115675
84,8.0,8.150969518265736
84,8.1,2.575248083644646
84,8.200000000000001,4.227161632417867
84,8.3,4.676819021685359
84,8.4,3.2095114030754965
84,8.5,2.758983369267051
84,8.6,-1.908796828707461
84,8.700000000000001,-0.22497802615279117
84,8.8,5.499025749890825
84,8.9,1.9805117108454495
84,9.0,1.824021318421938
84,9.1,5.970507044482774
84,9.200000000000001,-3.326528031977327
84,9.3,3.402805978046424
84,9.4,2.225790273768437
84,9.5,-4.436516090229216
84,9.600000000000001,-1.3323990413506202
84,9.700000000000001,1.1336845743051753
84,9.8,-1.8581256739294525
84,9.9,-2.1892577859600455
84,10.0,1.059101255716513
84,10.100000000000001,-1.1009591135268677
84,10.200000000000001,-0.331987841899245
84,10.3,-1.3853649577691005
84,10.4,-0.8210313660780365
84,10.5,-0.572848046664054
84,10.600000000000001,4.018802771926243
84,10.700000000000001,-0.6633558692935952
84,10.8,-3.5984179505982237
84,10.9,-1.0639076684787727
84,11.0,-1.538799118291752
84,11.100000000000001,5.909425465443626
84,11.200000000000001,-6.076974823246623
84,11.3,-0.9595694368116572
84,11.4,-2.2045798282669216
84,11.5,0.8061696615735761
84,11.600000000000001,-5.731095418121128
84,11.700000000000001,-6.418969923664683
84,11.8,-2.6206844934267863
84,11.9,-1.56468018335479
84,12.0,-2.713504062884536
84,12.100000000000001,-2.3860884151026465
84,12.200000000000001,-4.232790630242566
84,12.3,-1.7612323536017827
84,12.4,-4.095326298357994
84,12.5,-5.822137497596328
84,12.600000000000001,-1.0377100919525493
84,12.700000000000001,-7.003148991193397
84,12.8,-8.992738400802754
84,12.9,-6.110685302721222
84,13.0,-5.6016742926413885
84,13.100000000000001,-5.551284194522605
84,13.200000000000001,-6.266995051953932
84,13.3,-4.706848641900782
84,13.4,-6.616372112093449
84,13.5,-8.06015875618186
84,13.600000000000001,-2.5110872823790693
84,13.700000000000001,-6.556347948615122
84,13.8,-3.5001364142361373
84,13.9,-5.906813798928845
84,14.0,-5.233997465245659
84,14.100000000000001,-2.6957094799620336
84,14.200000000000001,-11.286585597090212
84,14.3,-3.929935983869808
84,14.4,-6.676058290477563
84,14.5,-4.747216928708478
84,14.600000000000001,-8.135834758510143
84,14.700000000000001,-7.076460271471293
84,14.8,-7.5596732485321665
84,14.9,-10.005549215360391
84,15.0,-7.483543832629045
84,15.100000000000001,-2.871759678866294
84,15.200000000000001,-4.279380165149011
84,15.3,-4.01236869231894
84,15.4,-8.140516899857818
84,15.5,-8.06999267586549
84,15.600000000000001,-8.786545913838289
84,15.700000000000001,-12.868040849340765
84,15.8,-8.37255711163639
84,15.9,-9.677337226720736
84,16.0,-5.664875391044498
84,16.1,-5.552046330899277
84,16.2,-6.812643385658396
84,16.3,-10.158204674646111
84,16.400000000000002,-9.433146211778745
84,16.5,-4.610712388314254
84,16.6,-7.166339417781857
84,16.7,-5.468592909155927
84,16.8,-9.105763723070663
84,16.900000000000002,-5.577361093813455
84,17.0,-8.798678662848918
84,17.1,-9.19187044499363
84,17.2,-7.292746319851468
84,17.3,-9.763345545287104
84,17.400000000000002,-10.80998447562741
84,17.5,-4.513552562116406
84,17.6,-6.153878753213874
84,17.7,-9.040323150262788
84,17.8,-7.877921382230855
84,17.900000000000002,-4.960071397980796
84,18.0,-9.028316938535973
84,18.1,-13.748418347833976
84,18.2,-1.994070899837081
84,18.3,-11.282201384462285
84,18.400000000000002,-8.693535872419265
84,18.5,-12.973655784400107
84,18.6,-12.930525740207326
84,18.7,-6.54460019685933
84,18.8,-10.570804712188021
84,18.900000000000002,-5.6360730542628525
84,19.0,-7.538997848390862
84,19.1,-7.47530404999167
84,19.200000000000003,-5.437394767161682
84,19.3,-5.2580169478094625
84,19.400000000000002,-3.3983905517476156
84,19.5,-10.158626878447162
84,19.6,-8.470238973116391
84,19.700000000000003,-4.821617587586067
84,19.8,-4.482611653416223
84,19.900000000000002,-7.634176497543748
84,20.0,-9.263463758406774
84,20.1,-6.061704426891214
84,20.200000000000003,-13.444696777826962
84,20.3,-10.030555903167013
84,20.400000000000002,-2.907230386723169
84,20.5,-8.815220370383566
84,20.6,-0.35775007209758947
84,20.700000000000003,-5.044830492816512
84,20.8,-4.52945286105131
84,20.900000000000002,1.6760363620486052
84,21.0,-2.6804416370264748
84,21.1,-5.584530616998329
84,21.200000000000003,-6.0357617473243295
84,21.3,-6.113119614826132
84,21.400000000000002,-9.519177066588734
84,21.5,-3.285780756549044
84,21.6,-4.000660209485819
84,21.700000000000003,-5.631974197662563
84,21.8,-1.5716238080419092
84,21.900000000000002,-5.114831422953936
84,22.0,-7.857834027927229
84,22.1,-6.066142055305661
84,22.200000000000003,-3.285535278235995
84,22.3,-2.2122963567310565
84,22.400000000000002,1.8277787223564061
84,22.5,-3.6828655285526253
84,22.6,-1.2281468689453818
84,22.700000000000003,0.181548328997037
84,22.8,-0.6917405206372829
84,22.900000000000002,-1.2863752873163907
84,23.0,-4.6914659913529935
84,23.1,-2.667024306757882
84,23.200000000000003,3.9022923499191915
84,23.3,-0.9019252712453445
84,23.400000000000002,-1.2566752434187427
84,23.5,-3.903743139679721
84,23.6,-0.19215416353963988
84,23.700000000000003,3.6705306670652047
84,23.8,-1.9572485897767156
84,23.900000000000002,-2.5953588664229614
84,24.0,-0.2841735167834238
84,24.1,-1.1932256373685601
84,24.200000000000003,-1.4255264427581964
84,24.3,5.790850088043458
84,24.400000000000002,2.4946726563208204
84,24.5,-2.8389666534003823
84,24.6,0.7230396705758135
84,24.700000000000003,3.3474475897661082
84,24.8,0.470006379490149
84,24.900000000000002,3.413439860391407
84,25.0,-1.2785854604486229
84,25.1,3.0309836591884505
84,25.200000000000003,1.7757058998131334
84,25.3,3.4759393699731183
84,25.400000000000002,2.085766240795157
84,25.5,0.7531429534593683
84,25.6,3.5513159731748685
84,25.700000000000003,3.879431088875356
84,25.8,4.509224406967566
84,25.900000000000002,-0.35801907105955433
84,26.0,1.9641540993787225
84,26.1,2.807277473863913
84,26.200000000000003,2.820445759966458
84,26.3,2.7623186798139563
84,26.400000000000002,4.0525999654587785
84,26.5,7.374804127177841
84,26.6,8.428931652489158
84,26.700000000000003,7.185573972407708
84,26.8,5.786780094230844
84,26.900000000000002,-3.5729487197874334
84,27.0,3.079612272352632
84,27.1,6.189947420953519
84,27.200000000000003,2.691323512788819
84,27.3,7.9167996066745125
84,27.400000000000002,3.5888851187567443
84,27.5,5.769627917458444
84,27.6,4.414041788126946
84,27.700000000000003,6.288246790847449
84,27.8,2.151023469690368
84,27.900000000000002,5.0971114014479495
84,28.0,3.84180385653477
84,28.1,3.348688171467056
84,28.200000000000003,2.1126451031100677
84,28.3,8.746927114624215
84,28.400000000000002,3.6202836675719046
84,28.5,8.27786227950828
84,28.6,6.222011458898386
84,28.700000000000003,7.803362766931608
84,28.8,6.693266739851461
84,28.900000000000002,6.685941949373571
84,29.0,3.7363701816973776
84,29.1,13.574512442081382
84,29.200000000000003,9.632011863820235
84,29.3,9.562359933196445
84,29.400000000000002,1.6335637909233798
84,29.5,5.513278927774084
84,29.6,5.4500740367245175
84,29.700000000000003,7.785551816764538
84,29.8,5.660638509981656
84,29.900000000000002,8.982338139954091
84,30.0,7.712702305614626
84,30.1,9.48971165347338
84,30.200000000000003,10.340510992419125
84,30.3,5.5039808382752256
84,30.400000000000002,6.0564904893954035
84,30.5,5.329096038087886
84,30.6,9.711874520333774
84,30.700000000000003,7.413503290114973
84,30.8,6.586237421522988
84,30.900000000000002,4.511249577892048
84,31.0,8.58542746696183
84,31.1,7.645617334543891
84,31.200000000000003,7.969959212286386
84,31.3,6.796864010195744
84,31.400000000000002,4.083311874615683
84,31.5,10.801516988850793
84,31.6,7.667203936586727
84,31.700000000000003,8.272034503502033
84,31.8,5.7705632086048535
84,31.900000000000002,10.915684802885078
84,32.0,5.502672621545153
84,32.1,6.358338317474471
84,32.2,5.282756298121734
84,32.300000000000004,4.6903415037104
84,32.4,9.316388360655141
84,32.5,6.194719269180088
84,32.6,4.720236062280851
84,32.7,6.831334189500497
84,32.800000000000004,6.450583104941842
84,32.9,7.199242063905898
84,33.0,5.60443797372871
84,33.1,7.56598601588025
84,33.2,2.7807715473245285
84,33.300000000000004,4.552538848367578
84,33.4,8.513300731847515
84,33.5,8.746969535265817
84,33.6,2.138218524120826
84,33.7,7.408733402423236
84,33.800000000000004,6.289565603422598
84,33.9,9.146970479953744
84,34.0,3.572284380742853
84,34.1,7.039558829593528
84,34.2,8.08513790142763
84,34.300000000000004,2.473268274098614
84,34.4,4.1181335262345975
84,34.5,7.980579663388934
84,34.6,4.964963983238159
84,34.7,7.631867854225094
84,34.800000000000004,5.701316211959714
84,34.9,1.7388128395618248
84,35.0,5.298475940840348
84,35.1,5.873339582557416
84,35.2,3.387641028738211
84,35.300000000000004,7.190017762870159
84,35.4,1.2219623263764783
84,35.5,4.222836562428178
84,35.6,3.4138921832855047
84,35.7,2.043495765833815
84,35.800000000000004,0.2980700823993012
84,35.9,-1.279927550778793
84,36.0,0.5648747379964396
84,36.1,3.016718002002451
84,36.2,1.8675392670018522
84,36.300000000000004,2.766997525363858
84,36.4,2.4174691127284085
84,36.5,1.6710488786208126
84,36.6,3.2084159732438167
84,36.7,4.595622482351388
84,36.800000000000004,-1.3851454542769988
84,36.9,2.7989091074304007
84,37.0,-2.0866184100059177
84,37.1,7.285761475115303
84,37.2,-0.6401670886447552
84,37.300000000000004,0.5259691507950737
84,37.4,3.477576310251846
84,37.5,2.186917717492742
84,37.6,3.298582470638557
84,37.7,4.329431315060227
84,37.800000000000004,-0.10898728486833875
84,37.9,5.367849249533327
84,38.0,-1.3055952555832473
84,38.1,-0.5914328656509085
84,38.2,2.130358674624992
84,38.300000000000004,-6.042622165752491
84,38.400000000000006,-1.9675211270342092
84,38.5,-1.108467627079026
84,38.6,1.3076713037638308
84,38.7,-2.667327736978888
84,38.800000000000004,1.0346255144778318
84,38.900000000000006,-3.8440991612696633
84,39.0,1.0068541512732916
84,39.1,0.3079736815117185
84,39.2,-3.01903602882195
84,39.300000000000004,-2.6333787455450968
84,39.400000000000006,-2.5723163142587566
84,39.5,-3.2211712716823517
84,39.6,-3.863375238999945
84,39.7,0.7713715562262417
84,39.800000000000004,-1.7286970278357248
84,39.900000000000006,-1.8160095943498076
84,40.0,-6.937618642362354
84,40.1,-3.3379976738122217
84,40.2,-0.7063707187027162
84,40.300000000000004,-3.271656934019849
84,40.400000000000006,-5.041583062101609
84,40.5,-4.136287020489221
84,40.6,-2.049710033436847
84,40.7,-4.626221268445009
84,40.800000000000004,-9.614455014568101
84,40.900000000000006,-6.403988442250332
84,41.0,-4.286980160881591
84,41.1,-8.670614997962907
84,41.2,-4.934625069219036
84,41.300000000000004,-3.914488541610485
84,41.400000000000006,0.31686493321594905
84,41.5,-1.7191816766025612
84,41.6,-4.516437474973064
84,41.7,-10.01944316614108
84,41.800000000000004,-5.010415482201508
84,41.900000000000006,-9.470270339903866
84,42.0,-8.597855456453926
84,42.1,-3.3352754896427226
84,42.2,-8.163938545248339
84,42.300000000000004,-4.655033845044007
84,42.400000000000006,-5.949916841871998
84,42.5,-4.227392706321352
84,42.6,-7.104328051437256
84,42.7,-7.1190168555478754
84,42.800000000000004,-3.01022144745227
84,42.900000000000006,-5.180191222738833
84,43.0,-6.09367091280491
84,43.1,-7.046754902322258
84,43.2,-5.748115048032649
84,43.300000000000004,-7.5000076389766805
84,43.400000000000006,-5.778698883264632
84,43.5,-7.598574217105335
84,43.6,-11.682696144455146
84,43.7,-11.64864255141369
84,43.800000000000004,-9.223334545075145
84,43.900000000000006,-2.619162724782445
84,44.0,-4.205636205976706
84,44.1,-8.685753951421784
84,44.2,-9.756075799657422
84,44.300000000000004,-9.043026625523481
84,44.400000000000006,-8.395520013677496
84,44.5,-4.858881242704754
84,44.6,-9.347846528335976
84,44.7,-11.659610187657496
84,44.800000000000004,-9.217529383280674
84,44.900000000000006,-10.965714920989761
84,45.0,-4.184559384556938
84,45.1,-8.36075639486919
84,45.2,-7.82554629009121
84,45.300000000000004,-8.29240280531239
84,45.400000000000006,-13.107977483752427
84,45.5,-7.625378851761694
84,45.6,-6.832141408748498
84,45.7,-8.76964352129172
84,45.800000000000004,-6.537645884464659
84,45.900000000000006,-8.179127419906225
84,46.0,-7.862852776917716
84,46.1,-6.339395841939195
84,46.2,-10.269376721697137
84,46.300000000000004,-8.583685735154983
84,46.400000000000006,-9.290943148288356
84,46.5,-7.906818762214044
84,46.6,-6.713683066995323
84,46.7,-5.020091126474662
84,46.800000000000004,-2.7636396649716346
84,46.900000000000006,-2.168359056510519
84,47.0,-9.164011264510638
84,47.1,-12.678336523085964
84,47.2,-18.602608009303474
84,47.300000000000004,-20.083619874348564
84,47.400000000000006,-4.576229830839538
84,47.5,4.2008208104560545
84,47.6,16.384631594240638
84,47.7,16.018131834752253
84,47.800000000000004,5.493380089880104
84,47.900000000000006,-6.614738852903068
84,48.0,38.48828645515416
84,48.1,342.71623898169366
84,48.2,919.5623835280983
84,48.300000000000004,1198.4773343324605
84,48.400000000000006,641.9768612649248
84,48.5,-205.0334227485333
84,48.6,-601.5941039930547
84,48.7,-528.1874282453471
84,48.800000000000004,-304.26090332457574
84,48.900000000000006,-162.60906853142822
84,49.0,-106.04891284308019
84,49.1,-66.4629361792208
84,49.2,-8.692072576223323
84,49.300000000000004,56.69969356120205
84,49.400000000000006,93.76894043780536
84,49.5,83.52894409801098
84,49.6,32.73785047527243
84,49.7,-40.72367048635945
84,49.800000000000004,-101.14859763964417
84,49.900000000000006,-108.61294773596606
84,50.0,-71.87293586521696
84,50.1,1.4267003217938767
84,50.2,64.66154197117206
84,50.300000000000004,101.23167232605927
84,50.400000000000006,79.49313300222911
84,50.5,24.872684358771135
84,50.6,-41.139104950159016
84,50.7,-79.83988127496212
84,50.800000000000004,-84.94006944319214
84,50.900000000000006,-49.7869530697788
84,51.0,2.8954792123065447
84,51.1,42.57828408436556
84,51.2,65.4046489386731
84,51.300000000000004,49.06035560090007
84,51.400000000000006,14.022094994324036
84,51.5,-21.352218754280436
84,51.6,-41.96139155724847
84,51.7,-41.46118453209353
84,51.800000000000004,-20.009751087828487
84,51.900000000000006,1.4182443203743342
84,52.0,18.166596149747125
84,52.1,21.901495067651986
84,52.2,17.231980622834637
84,52.300000000000004,9.565534230538148
84,52.400000000000006,-5.626954730527094
84,52.5,-17.180404499346544
84,52.6,-16.71904139747761
84,52.7,-3.543882435704373
84,52.800000000000004,-2.351410749855064
84,52.900000000000006,6.039539517116662
84,53.0,7.85041560585552
84,53.1,6.408097410269298
84,53.2,7.017106481083281
84,53.300000000000004,-1.020480731784493
84,53.400000000000006,-0.22260929775072702
84,53.5,-1.7688674317425956
84,53.6,-2.325514957717938
84,53.7,0.16584952646613937
84,53.800000000000004,6.487680736041389
84,53.900000000000006,6.7459458439224065
84,54.0,0.945195322830591
84,54.1,4.782379062478837
84,54.2,2.232113718343206
84,54.300000000000004,4.97666481166322
84,54.400000000000006,0.7403311683143601
84,54.5,4.014795197010426
84,54.6,3.8477273317661163
84,54.7,1.5157090900114536
84,54.800000000000004,2.4628605690956267
84,54.900000000000006,2.7472920370013174
84,55.0,4.155010777460894
84,55.1,8.417432393191424
84,55.2,8.387845055621089
84,55.300000000000004,8.563544633908178
84,55.400000000000006,6.218091329601159
84,55.5,7.282624859284919
84,55.6,2.537221539536
84,55.7,5.296421414632472
84,55.800000000000004,8.066062279312101
84,55.900000000000006,6.317454595460923
84,56.0,3.9064754374759603
84,56.1,6.892857377348093
84,56.2,6.351690219326573
84,56.300000000000004,6.390536339728815
84,56.400000000000006,4.706811131510473
84,56.5,7.85016318809941
84,56.6,5.883925780707188
84,56.7,4.47881822295138
84,56.800000000000004,6.484593652002659
84,56.900000000000006,8.043474374474743
84,57.0,10.093328440828357
84,57.1,9.680229211258302
84,57.2,2.5046530309252018
84,57.300000000000004,9.647669556924098
84,57.400000000000006,8.516903187376675
84,57.5,8.362742401316963
84,57.6,10.73467021247488
84,57.7,11.56233211655312
84,57.800000000000004,9.0880430021169
84,57.900000000000006,7.23072270636747
84,58.0,6.23445370884582
84,58.1,8.214311132252378
84,58.2,8.71011325989815
84,58.300000000000004,6.074348470385127
84,58.400000000000006,12.18698649974133
84,58.5,11.765698281115561
84,58.6,10.143931756726154
84,58.7,12.786527229588016
84,58.800000000000004,10.29697317816177
84,58.900000000000006,7.189383082589706
84,59.0,10.37762673966241
84,59.1,13.213788254331373
84,59.2,7.596058263881273
84,59.300000000000004,5.0095813869736725
84,59.400000000000006,10.641648575394123
84,59.5,3.935242186715186
84,59.6,5.6782687093492985
84,59.7,9.113807876629014
84,59.800000000000004,7.1887726856739524
84,59.900000000000006,12.504111812864945
84,60.0,8.225204008103224
84,60.1,9.771590819758
84,60.2,10.943679461897446
84,60.300000000000004,8.267023396589032
84,60.400000000000006,9.404712460828122
84,60.5,3.5558606478876293
84,60.6,13.126900331615056
84,60.7,8.230202142898301
84,60.800000000000004,7.302690235574607
84,60.900000000000006,6.3334363980139905
84,61.0,8.362373903071362
84,61.1,6.286818094564806
84,61.2,8.23457749455731
84,61.300000000000004,6.009397615853267
84,61.400000000000006,3.973075745166029
84,61.5,5.55277820641817
84,61.6,5.332266231866632
84,61.7,8.253966572571958
84,61.800000000000004,7.543415360756208
84,61.900000000000006,5.855315269155991
84,62.0,7.853553192177363
84,62.1,5.379634044914223
84,62.2,6.747454804149336
84,62.300000000000004,6.042378183752897
84,62.400000000000006,7.688071126523829
84,62.5,4.363911751927871
84,62.6,6.075228333417441
84,62.7,6.258238958299984
84,62.800000000000004,3.4975175205309097
84,62.900000000000006,6.243260964080385
84,63.0,5.892159817935956
84,63.1,8.183367854484706
84,63.2,3.0078647859473016
84,63.300000000000004,2.002438195285709
84,63.400000000000006,1.4813023383621848
84,63.5,5.916564447581741
84,63.6,3.9174005009953285
84,63.7,2.6447654984151643
84,63.800000000000004,5.571167747002852
84,63.900000000000006,6.983712863932409
84,64.0,9.396161699385978
84,64.10000000000001,7.64388759961283
84,64.2,2.798288660773926
84,64.3,7.878914639095436
84,64.4,2.249503186337113
84,64.5,5.006558773609883
84,64.60000000000001,5.734577594627768
84,64.7,-0.02072478180308801
84,64.8,3.8261702470981223
84,64.9,3.577913333134015
84,65.0,8.62079586092662
84,65.10000000000001,1.502363177030466
84,65.2,4.736188003832506
84,65.3,2.2496664831597446
84,65.4,2.726490819445214
84,65.5,0.026218280312152675
84,65.60000000000001,4.6298681698835535
84,65.7,5.123029465061654
84,65.8,4.807643580301729
84,65.9,-2.5813376240372077
84,66.0,-3.1383547616007323
84,66.10000000000001,1.1379031502599355
84,66.2,3.9662167952912433
84,66.3,2.980198222826417
84,66.4,0.15539348406748021
84,66.5,-1.0980531840004946
84,66.60000000000001,4.636493227489732
84,66.7,3.818223292140841
84,66.8,-1.7297970980286042
84,66.9,-0.24142419028765838
84,67.0,-0.4903857439056215
84,67.10000000000001,4.755984817880293
84,67.2,1.1579061648362738
84,67.3,2.02514261213683
84,67.4,-3.143899642503344
84,67.5,-0.438274618408371
84,67.60000000000001,-1.5690423170488188
84,67.7,-1.1047218962590724
84,67.8,-0.6303151649857599
84,67.9,-1.9990508268833602
84,68.0,-4.630613962256459
84,68.10000000000001,0.7416931147040953
84,68.2,-4.679001513416737
84,68.3,-4.4751563435522685
84,68.4,-7.257388082955817
84,68.5,-1.9519055349471026
84,68.60000000000001,-2.68327191187373
84,68.7,-4.803313531850291
84,68.8,-5.4906623485133
84,68.9,-3.0589321502291726
84,69.0,-4.3757069032400855
84,69.10000000000001,-6.357041954029362
84,69.2,-2.814862067383191
84,69.3,-1.8349970784734086
84,69.4,-3.3348856850834387
84,69.5,-2.2805310486966244
84,69.60000000000001,-3.9326766001909363
84,69.7,-0.8218428704704324
84,69.8,-2.554519584347558
84,69.9,-5.795104779549383
84,70.0,-2.350250884307147
84,70.10000000000001,-4.324220585564072
84,70.2,-6.627101518276931
84,70.3,-7.158523433047782
84,70.4,-6.333661936961276
84,70.5,-10.61170330521455
84,70.60000000000001,-7.744926803236194
84,70.7,-7.197076945144302
84,70.8,-9.937192611447427
84,70.9,-8.370367071730092
84,71.0,-8.776212514526817
84,71.10000000000001,-10.255671319793823
84,71.2,-6.872199706924126
84,71.3,-6.112315422869005
84,71.4,-5.870299565214615
84,71.5,-3.9784750341998314
84,71.60000000000001,-7.346865995547503
84,71.7,-8.191731555367818
84,71.8,-7.072951596048603
84,71.9,-4.0467328163670935
84,72.0,-3.275228883914376
84,72.10000000000001,-8.700770178497773
84,72.2,-6.377852786875522
84,72.3,-7.828551031196668
84,72.4,-6.074582113500107
84,72.5,-13.649471458937121
84,72.60000000000001,-8.676014394759761
84,72.7,-12.343598769235193
84,72.8,-15.566782630145862
84,72.9,-6.820186632943006
84,73.0,-10.106739847146663
84,73.10000000000001,-4.6305707223867945
84,73.2,-5.907415932881672
84,73.3,-4.751481796484239
84,73.4,-5.871719577181908
84,73.5,-9.101118440842631
84,73.60000000000001,-7.026708074402169
84,73.7,-11.751979459444332
84,73.8,-11.001596607409803
84,73.9,-6.748218815532603
84,74.0,-3.5302482188286834
84,74.10000000000001,-7.451300235576545
84,74.2,-10.80420367326699
84,74.3,-8.16019234178206
84,74.4,-6.452018545495887
84,74.5,-5.376618212387246
84,74.60000000000001,-7.537685039392783
84,74.7,-3.56688839538152
84,74.8,-5.152745377412991
84,74.9,-6.819046109900511
84,75.0,-8.662039804403582
84,75.10000000000001,-1.7263590413891041
84,75.2,-8.790094419855075
84,75.3,-8.421819067667208
84,75.4,-9.88847807877681
84,75.5,-6.911356529149195
84,75.60000000000001,-11.862014955208611
84,75.7,-6.068011288876359
84,75.8,-11.44011572605885
84,75.9,-5.678703144848592
84,76.0,-10.879125409867862
84,76.10000000000001,-10.414386488599785
84,76.2,-9.05718072312667
84,76.3,-6.610931185025621
84,76.4,-7.581297415814411
84,76.5,-9.420401011112686
84,76.60000000000001,-7.287493017313318
84,76.7,-5.287404914465479
84,76.80000000000001,-11.13681662845271
84,76.9,-3.3271957937032135
84,77.0,-6.461767561494742
84,77.10000000000001,-12.953262577356881
84,77.2,-5.787202058222223
84,77.30000000000001,-6.563067186295175
84,77.4,-7.083607365335646
84,77.5,-6.675173951683402
84,77.60000000000001,-6.75207026688703
84,77.7,-3.6462456546002304
84,77.80000000000001,-4.923057785550407
84,77.9,-3.727284439352949
84,78.0,-5.678640838177083
84,78.10000000000001,-1.7379327024017632
84,78.2,-5.230918557396702
84,78.30000000000001,-3.2047810574058264
84,78.4,-4.949557198278589
84,78.5,-4.7497360399038
84,78.60000000000001,-2.0003350624870895
84,78.7,-1.9693240798559222
84,78.80000000000001,-3.771330400437794
84,78.9,-3.4447330005483456
84,79.0,-4.484903568788863
84,79.10000000000001,-1.8256408263852326
84,79.2,-2.387277687106599
84,79.30000000000001,-0.9866258821474408
84,79.4,-2.4188467175558537
84,79.5,-2.7883554545232876
84,79.60000000000001,-0.47817240059275806
84,79.7,-2.787391842093433
84,79.80000000000001,-0.4243088883005716
84,79.9,0.45395726783068363
84,80.0,1.7263333292578613
84,80.10000000000001,-1.289963380305515
84,80.2,-0.8543015802365266
84,80.30000000000001,0.8909167601831187
84,80.4,-0.8477284270887551
84,80.5,0.4039262581383108
84,80.60000000000001,-0.42523369381987014
84,80.7,-0.7109428056838467
84,80.80000000000001,-2.1872187761609565
84,80.9,0.1558781321963992
84,81.0,1.3962005652022644
84,81.10000000000001,0.788237668892331
84,81.2,-0.27201670130512023
84,81.30000000000001,1.1343350970688812
84,81.4,4.418647822612192
84,81.5,0.8777287450074017
84,81.60000000000001,-0.48133304230920876
84,81.7,5.392617490560629
84,81.80000000000001,0.25609810723033855
84,81.9,5.341217389472107
84,82.0,3.196270930688704
84,82.10000000000001,-1.309247028687295
84,82.2,1.7684063164156494
84,82.30000000000001,1.848973065909654
84,82.4,1.9915989064022541
84,82.5,2.1058864317996737
84,82.60000000000001,4.560396657624548
84,82.7,3.9927522659786416
84,82.80000000000001,6.678793117369458
84,82.9,2.924908150939844
84,83.0,3.4478204366731515
84,83.10000000000001,5.467689720488271
84,83.2,3.79087735326383
84,83.30000000000001,3.130288013262894
84,83.4,5.135090167320238
84,83.5,2.0432754264000126
84,83.60000000000001,1.8532457009128982
84,83.7,3.624641755818435
84,83.80000000000001,6.253072844188557
84,83.9,7.13355960771639
84,84.0,2.80190754555299
84,84.10000000000001,4.07658018445448
84,84.2,6.411328399140467
84,84.30000000000001,6.3890320667834875
84,84.4,3.9390814431241883
84,84.5,8.27681623076869
84,84.60000000000001,5.548311790504686
84,84.7,6.0815009431426255
84,84.80000000000001,4.741057689433756
84,84.9,8.896511493490376
84,85.0,8.501240074445926
84,85.10000000000001,4.849677949370538
84,85.2,7.828872470184927
84,85.30000000000001,6.573333969834106
84,85.4,5.069156005519568
84,85.5,2.796552870828095
84,85.60000000000001,4.85721028476568
84,85.7,1.6734223549099618
84,85.80000000000001,3.4536281855701425
84,85.9,6.503029831979411
84,86.0,12.095011385825503
84,86.10000000000001,18.33695324154538
84,86.2,15.792185421598386
84,86.30000000000001,25.249605809001874
84,86.4,28.132818963588498
84,86.5,34.028489804860214
84,86.60000000000001,29.9669558761383
84,86.7,34.81517458366913
84,86.80000000000001,22.80744618109805
84,86.9,17.790669127517848
84,87.0,-1.4684711001232635
84,87.10000000000001,-11.667467779445698
84,87.2,-23.569117664741857
84,87.30000000000001,-37.42146853323172
84,87.4,-52.79691659668658
84,87.5,-57.25812216010758
84,87.60000000000001,-56.48817160921786
84,87.7,-43.43793728037224
84,87.80000000000001,-34.36368368718929
84,87.9,-7.9249037160573845
84,88.0,10.149193794406866
84,88.10000000000001,32.38096608489294
84,88.2,45.81964486845665
84,88.30000000000001,60.39288414439884
84,88.4,69.01335581062358
84,88.5,67.21162316613334
84,88.60000000000001,62.81275710863984
84,88.7,57.08040254205204
84,88.80000000000001,42.7009376892613
84,88.9,28.774558149798267
84,89.0,11.452940676918146
84,89.10000000000001,3.022385719768768
84,89.2,-5.0581878539233625
84,89.30000000000001,-13.858286530913379
84,89.4,-18.889338016113648
84,89.5,-15.343895358977822
84,89.60000000000001,-12.565604873268608
84,89.7,-9.609353708304088
84,89.80000000000001,-7.45829893036485
84,89.9,-4.981913366931737
84,90.0,8.728820743235355
84,90.10000000000001,8.777088883898468
84,90.2,8.993343995138428
84,90.30000000000001,9.390265275639752
84,90.4,5.665499382769617
84,90.5,13.788154471237885
84,90.60000000000001,10.276067843865462
84,90.7,10.306511785710978
84,90.80000000000001,8.377665989031641
84,90.9,7.6456291947775545
84,91.0,8.454791724507327
84,91.10000000000001,3.392288544874132
84,91.2,4.661923457776391
84,91.30000000000001,7.381416683315853
84,91.4,8.754150635322372
84,91.5,6.805332816939317
84,91.60000000000001,7.002707958297008
84,91.7,3.51170350986938
84,91.80000000000001,4.004898641018974
84,91.9,6.229104765746229
84,92.0,5.781031664931727
84,92.10000000000001,4.887031077130083
84,92.2,5.217333903642396
84,92.30000000000001,1.1082403249579769
84,92.4,1.045414141549946
84,92.5,6.400771838907956
84,92.60000000000001,4.724016131377714
84,92.7,2.5526931519412863
84,92.80000000000001,5.1045235559513955
84,92.9,12.934017132656152
84,93.0,2.530273353597409
84,93.10000000000001,4.885149508188428
84,93.2,3.637587253915813
84,93.30000000000001,2.200110762870134
84,93.4,1.5434524762409627
84,93.5,6.024519185452439
84,93.60000000000001,1.8079526640242143
84,93.7,-1.4146858722257458
84,93.80000000000001,7.200064265115295
84,93.9,1.0260389778471843
84,94.0,4.352372473014082
84,94.10000000000001,2.984669872830713
84,94.2,1.304727845406448
84,94.30000000000001,6.254080566076091
84,94.4,-0.5604252850661529
84,94.5,2.3395673946999778
84,94.60000000000001,2.5528792254961323
84,94.7,-2.430513457210188
84,94.80000000000001,-0.9983532395891985
84,94.9,2.9662961599146564
84,95.0,5.8115179582969105
84,95.10000000000001,2.23405502157719
84,95.2,-5.456809629070253
84,95.30000000000001,2.9792362310968565
84,95.4,-4.086069619410672
84,95.5,-2.404002362032417
84,95.60000000000001,-0.41199590905085076
84,95.7,-0.05267456710949822
84,95.80000000000001,-1.071370282643328
84,95.9,-1.5346265235192604
84,96.0,4.9374310457175
84,96.10000000000001,-4.870007098169961
84,96.2,-0.6775028174129627
84,96.30000000000001,1.0891721307353102
84,96.4,0.02680816880546907
84,96.5,-6.016133060121452
84,96.60000000000001,1.3948016402619947
84,96.7,1.0857709952169952
84,96.80000000000001,-4.502736833412167
84,96.9,-4.266431667899108
84,97.0,0.6782742336146783
84,97.10000000000001,-2.44824096294304
84,97.2,-5.597535428729406
84,97.30000000000001,-1.9929770004173164
84,97.4,-5.475759968551282
84,97.5,-6.190819879346337
84,97.60000000000001,-9.029361499249159
84,97.7,-2.934703221627925
84,97.80000000000001,-6.079414747821795
84,97.9,-6.6387253498684045
84,98.0,-5.547343234136218
84,98.10000000000001,-2.52856469060632
84,98.2,-4.888560722358785
84,98.30000000000001,-2.505779343453571
84,98.4,-5.212688876446545
84,98.5,-2.2045241905249835
84,98.60000000000001,-0.9647427734356153
84,98.7,-5.319385353135539
84,98.80000000000001,-5.602507159500653
84,98.9,-9.731195992645508
84,99.0,-7.049959613688256
84,99.10000000000001,-1.5135322191464011
84,99.2,-4.133022633606751
84,99.30000000000001,-10.149326758885511
84,99.4,-8.730543813037361
84,99.5,-7.890329102129078
84,99.60000000000001,-6.289813536460954
84,99.7,-6.313474162525681
84,99.80000000000001,-6.7089227565635055
84,99.9,-5.7036581621861835
84,100.0,-6.813254288083568
84,100.10000000000001,-8.404914502679317
84,100.2,-6.4167364707322605
84,100.30000000000001,-13.72622253698649
84,100.4,-9.523591647921561
84,100.5,-7.618608791408413
84,100.60000000000001,-5.75254213894222
84,100.7,-5.914876538707443
84,100.80000000000001,-4.21656338227378
84,100.9,-4.56243038862234
84,101.0,-7.031766103042988
84,101.10000000000001,-7.244833889919951
84,101.2,-6.295247383586281
84,101.30000000000001,-9.000959578122705
84,101.4,-8.897192591057483
84,101.5,-7.284833732303197
84,101.60000000000001,-10.601806340289146
84,101.7,-7.417668364378468
84,101.80000000000001,-7.267313987921579
84,101.9,-4.33331619616426
84,102.0,-11.087256549761994
84,102.10000000000001,-9.510499173141175
84,102.2,-4.9699421723868245
84,102.30000000000001,-9.519617497575547
84,102.4,-7.274789265235351
84,102.5,-9.852208575026449
84,102.60000000000001,-4.778402496076938
84,102.7,-11.38858084431998
84,102.80000000000001,-9.36587338121073
84,102.9,-10.044728002158667
84,103.0,-4.960170678423211
84,103.10000000000001,-7.741713140248637
84,103.2,-12.454412294695508
84,103.30000000000001,-3.800866504286584
84,103.4,-11.721353820356226
84,103.5,-7.351410549922486
84,103.60000000000001,-5.617876043654222
84,103.7,-9.224498138369277
84,103.80000000000001,-9.60349938110026
84,103.9,-11.065165992080344
84,104.0,-11.777629606251269
84,104.10000000000001,-1.242964316273886
84,104.2,-4.93377137316467
84,104.30000000000001,-4.364864762187633
84,104.4,-11.843300369293669
84,104.5,-8.795670815122097
84,104.60000000000001,-10.817618264892927
84,104.7,-5.3373650132549315
84,104.80000000000001,-2.60540703469598
84,104.9,-8.69571178323457
84,105.0,-8.870412304843818
84,105.10000000000001,-3.399662074896575
84,105.2,-9.685726496191062
84,105.30000000000001,-5.062874304347105
84,105.4,-7.903775111561183
84,105.5,-4.566905390503033
84,105.60000000000001,-7.617146461891014
84,105.7,-10.209678720653155
84,105.80000000000001,-5.648951700550574
84,105.9,-9.80967847365305
84,106.0,-4.738307123571984
84,106.10000000000001,-0.9371259823416578
84,106.2,-2.3581876172168377
84,106.30000000000001,-8.979637674449132
84,106.4,-9.46830567461778
84,106.5,-11.744811359453653
84,106.60000000000001,-7.730844830520276
84,106.7,-8.790884172496611
84,106.80000000000001,-7.306278746933081
84,106.9,0.2574931640921454
84,107.0,-3.5749149891554444
84,107.10000000000001,-4.074431419481224
84,107.2,-5.968455903193614
84,107.30000000000001,-3.73245174687179
84,107.4,-2.608748394991523
84,107.5,-3.367719345175457
84,107.60000000000001,-1.3784246073901825
84,107.7,-1.0243114205865105
84,107.80000000000001,-4.954049276825785
84,107.9,-5.794636851358087
84,108.0,0.38242967896779456
84,108.10000000000001,-6.343463388091653
84,108.2,-1.687326589690262
84,108.30000000000001,-1.7090901303124526
84,108.4,1.9051735544660757
84,108.5,-3.926861037306961
84,108.60000000000001,-5.6027792570368025
84,108.7,2.0761720407532023
84,108.80000000000001,-3.7733297743952763
84,108.9,-7.303074627743141
84,109.0,-4.54431973840667
84,109.10000000000001,-1.171253665836452
84,109.2,2.2140101169351105
84,109.30000000000001,0.5565369703952
84,109.4,-0.7821576329459409
84,109.5,-2.394132912357879
84,109.60000000000001,-0.04723538363738165
84,109.7,1.617019988359697
84,109.80000000000001,-1.8125192841085473
84,109.9,0.9340501042681588
84,110.0,4.886540448334016
84,110.10000000000001,0.25909558083348583
84,110.2,0.19402021190672059
84,110.30000000000001,0.446544736284195
84,110.4,1.765075748378043
84,110.5,-0.20692915273845225
84,110.60000000000001,3.808499173058662
84,110.7,2.8805880154668384
84,110.80000000000001,3.736341964414277
84,110.9,1.0869741582412111
84,111.0,4.416503814857871
84,111.10000000000001,6.5755927923628725
84,111.2,2.0826819175861337
84,111.30000000000001,2.0193924832907175
84,111.4,2.791347526058047
84,111.5,1.4343772005170912
84,111.60000000000001,2.5389060937307786
84,111.7,6.343044652095189
84,111.80000000000001,4.326262398440057
84,111.9,2.910990825815277
84,112.0,2.8056957326911736
84,112.10000000000001,1.7598377675827535
84,112.2,6.352984360089247
84,112.30000000000001,2.148500789283247
84,112.4,4.5271803143239335
84,112.5,4.806587514284648
84,112.60000000000001,0.5154166197082732
84,112.7,4.227709168136832
84,112.80000000000001,6.071602012022224
84,112.9,-0.3852179654772927
84,113.0,1.9240748111534498
84,113.10000000000001,5.413541923460608
84,113.2,4.701838507486705
84,113.30000000000001,6.518067007513212
84,113.4,8.533389267034135
84,113.5,5.797225563793338
84,113.60000000000001,6.731754276795272
84,113.7,6.677228669631711
84,113.80000000000001,0.6926711231384939
84,113.9,5.152709580747486
84,114.0,5.827235722430942
84,114.10000000000001,8.748020955381778
84,114.2,5.319805258777402
84,114.30000000000001,8.01832610745582
84,114.4,8.232720460496084
84,114.5,3.6581866767689784
84,114.60000000000001,2.576111629895909
84,114.7,9.840463719208408
84,114.80000000000001,5.104984267089135
84,114.9,9.796653003478433
84,115.0,7.493879092834111
84,115.10000000000001,9.08748177913351
84,115.2,2.581965356252673
84,115.30000000000001,12.8303714119772
84,115.4,0.5863948174536642
84,115.5,4.165872407243394
84,115.60000000000001,8.367174351488568
84,115.7,10.483506150130179
84,115.80000000000001,9.455302546856759
84,115.9,9.972995151036153
84,116.0,5.1010766319809155
84,116.10000000000001,8.824797972934935
84,116.2,11.282274335461569
84,116.30000000000001,3.839485279289529
84,116.4,5.08070053353543
84,116.5,8.481669309751757
84,116.60000000000001,11.485792522186307
84,116.7,9.803693580269268
84,116.80000000000001,5.320463713686539
84,116.9,6.580827259963906
84,117.0,7.078807783828212
84,117.10000000000001,4.121245652980801
84,117.2,13.075853993320964
84,117.30000000000001,6.717990991301093
84,117.4,6.405199318106137
84,117.5,3.551927804663584
84,117.60000000000001,8.346935163210865
84,117.7,7.6564712933879715
84,117.80000000000001,10.921691081066205
84,117.9,9.937549379274058
84,118.0,7.428578425474997
84,118.10000000000001,9.155524814341915
84,118.2,12.475801649246433
84,118.30000000000001,5.757032270668837
84,118.4,6.549931908537286
84,118.5,9.346843912308278
84,118.60000000000001,5.9170769645525025
84,118.7,8.523784267313017
84,118.80000000000001,4.554509250357985
84,118.9,9.245076487340466
84,119.0,8.870912950601847
84,119.10000000000001,5.56296361283187
84,119.2,3.765862201937896
84,119.30000000000001,7.66533877364253
84,119.4,6.873352532070234
84,119.5,3.247613426335657
84,119.60000000000001,9.114896015166266
84,119.7,4.634383377440414
84,119.80000000000001,10.098509078125968
84,119.9,9.606633290707155
84,120.0,6.778523688292764
91,0.0,9.110917001034982
91,0.1,3.6162204006466503
91,0.2,7.165480589741852
91,0.30000000000000004,8.460580036522805
91,0.4,3.7937043210100865
91,0.5,3.217369254282837
91,0.6000000000000001,10.749570696279932
91,0.7000000000000001,7.6841915473289335
91,0.8,10.141373255029144
91,0.9,8.982327311162788
91,1.0,-0.6756474487011586
91,1.1,3.457435969836302
91,1.2000000000000002,5.772820097421875
91,1.3,6.1788114185094445
91,1.4000000000000001,6.26749694467708
91,1.5,4.115417547573498
91,1.6,5.459126537371088
91,1.7000000000000002,3.0174679839347647
91,1.8,8.642604383181983
91,1.9000000000000001,2.8696507303537566
91,2.0,3.7190599685092898
91,2.1,7.257131067598069
91,2.2,3.483233441911554
91,2.3000000000000003,5.190596829233362
91,2.4000000000000004,2.342651344646716
91,2.5,4.369235437274048
91,2.6,5.337950632147139
91,2.7,0.34056273746977306
91,2.8000000000000003,-0.18260010016821582
91,2.9000000000000004,0.9422772572777061
91,3.0,5.770569028077787
91,3.1,4.916347529068057
91,3.2,5.472627930807449
91,3.3000000000000003,6.958331941908515
91,3.4000000000000004,2.063850185422377
91,3.5,1.086121446436305
91,3.6,2.446344652615027
91,3.7,3.1787345721584197
91,3.8000000000000003,5.154084615268099
91,3.9000000000000004,2.5710774093009814
91,4.0,3.4930791165690978
91,4.1000000000000005,0.4160690051941309
91,4.2,-2.255001377756533
91,4.3,6.260182810469288
91,4.4,1.7837758483578892
91,4.5,0.3112661654702985
91,4.6000000000000005,1.386389214790267
91,4.7,6.525509828668557
91,4.800000000000001,-0.46276413713654907
91,4.9,-0.5831734795459643
91,5.0,-1.4819577236002157
91,5.1000000000000005,-0.8241362538669705
91,5.2,-4.977682546845411
91,5.300000000000001,3.022831092703108
91,5.4,-0.30638874737895155
91,5.5,-2.74150468179522
91,5.6000000000000005,2.076291736607387
91,5.7,-1.8178838209626984
91,5.800000000000001,2.62460648224849
91,5.9,-1.697213156630684
91,6.0,-1.526120417903617
91,6.1000000000000005,-0.816816165089284
91,6.2,-0.2911398311961586
91,6.300000000000001,-3.4957016014604636
91,6.4,-3.614389649678423
91,6.5,-1.7423660095669802
91,6.6000000000000005,-7.203387288112486
91,6.7,-9.771099633978956
91,6.800000000000001,-2.95721052912899
91,6.9,-2.5649160230312913
91,7.0,-0.20799304136564167
91,7.1000000000000005,-3.531226600267495
91,7.2,-0.5717373274850512
91,7.300000000000001,-0.09622799311741792
91,7.4,-3.434241517319752
91,7.5,-5.429725381391364
91,7.6000000000000005,-6.413761620509192
91,7.7,-4.645043618336556
91,7.800000000000001,-7.886772578133225
91,7.9,-3.902828435591393
91,8.0,-2.6262673441120463
91,8.1,-6.274163981799641
91,8.200000000000001,-2.465319061256332
91,8.3,-7.208993400123001
91,8.4,-5.035191715940971
91,8.5,-4.76170225636559
91,8.6,-10.315696409119811
91,8.700000000000001,-6.2588720862770595
91,8.8,-3.38806423824652
91,8.9,-2.905192010819014
91,9.0,-2.7585082971798394
91,9.1,-7.833644145634867
91,9.200000000000001,-5.797169856868791
91,9.3,-10.24785722922525
91,9.4,-4.616211933073236
91,9.5,-6.453435685941845
91,9.600000000000001,-4.356979532483475
91,9.700000000000001,-9.961701032476071
91,9.8,-3.421582288624299
91,9.9,-6.718086919544033
91,10.0,-10.32728399035301
91,10.100000000000001,-5.142736014721134
91,10.200000000000001,-1.6813290570173907
91,10.3,-6.49217205176763
91,10.4,-6.606116402183494
91,10.5,-11.364949251720656
91,10.600000000000001,-7.95821309226293
91,10.700000000000001,-5.000619775292583
91,10.8,-6.868353953494196
91,10.9,-7.995385299247102
91,11.0,-9.432350609574153
91,11.100000000000001,-2.8860840962875542
91,11.200000000000001,-9.124808806855198
91,11.3,-11.958212528344003
91,11.4,-7.262234447131019
91,11.5,-8.652770776674707
91,11.600000000000001,-8.913142510969397
91,11.700000000000001,-9.907704327359209
91,11.8,-10.125140751466045
91,11.9,-10.823402350511309
91,12.0,-5.411500733415279
91,12.100000000000001,-10.519050380125794
91,12.200000000000001,-10.290924858157858
91,12.3,-7.500904943134577
91,12.4,-6.259799548243402
91,12.5,-7.136390069159747
91,12.600000000000001,-8.762395165032572
91,12.700000000000001,-9.652648088040786
91,12.8,-7.787319002533892
91,12.9,-9.160203359646593
91,13.0,-8.529081108616957
91,13.100000000000001,-5.592886617469209
91,13.200000000000001,-8.049137751042897
91,13.3,-5.710193494701773
91,13.4,-9.26782787825466
91,13.5,-8.553177586469028
91,13.600000000000001,-7.660192651935913
91,13.700000000000001,-6.79522968049462
91,13.8,-10.423440592735083
91,13.9,-9.993975681526564
91,14.0,-2.9182826350060767
91,14.100000000000001,-6.706216160223005
91,14.200000000000001,-8.692029555966982
91,14.3,-11.362430473330495
91,14.4,-8.693049175086877
91,14.5,-4.565450268870475
91,14.600000000000001,-3.6915680729812417
91,14.700000000000001,-9.881119877233502
91,14.8,-6.781684487245758
91,14.9,-5.147531488877615
91,15.0,-4.868699958545983
91,15.100000000000001,-6.106873707180919
91,15.200000000000001,-6.425877140622156
91,15.3,-5.317782821895003
91,15.4,-7.628183607291037
91,15.5,-5.322936762577821
91,15.600000000000001,-4.175626279755651
91,15.700000000000001,-6.746906860239418
91,15.8,-2.489517358525486
91,15.9,-3.206068072567579
91,16.0,-6.83355098145959
91,16.1,-6.632118046223514
91,16.2,-4.70762396626352
91,16.3,-4.149682030362487
91,16.400000000000002,-3.8318398149274153
91,16.5,-4.341218999176052
91,16.6,-5.07867234213533
91,16.7,1.0467904872552367
91,16.8,0.3729126857156011
91,16.900000000000002,-2.9897313684559865
91,17.0,-2.7487646579362446
91,17.1,-2.268844230227995
91,17.2,-0.9514740520189426
91,17.3,-2.6304505377078495
91,17.400000000000002,-0.4626085665717059
91,17.5,-7.940769527080876
91,17.6,-4.87503889399177
91,17.7,-4.689900705934094
91,17.8,-6.841318799451823
91,17.900000000000002,-3.7120262306427287
91,18.0,-4.0263152035782
91,18.1,-4.6645593419361955
91,18.2,-4.862301693244742
91,18.3,-0.7046567524366538
91,18.400000000000002,-4.059490700018293
91,18.5,-0.41024309661754077
91,18.6,-3.673806363715018
91,18.7,-1.051310318627421
91,18.8,-4.6050266615840005
91,18.900000000000002,-5.4653970572010495
91,19.0,0.1702103619619989
91,19.1,-0.8443982166614634
91,19.200000000000003,5.151011040948387
91,19.3,1.2498809227248187
91,19.400000000000002,1.0374214859820965
91,19.5,0.8291522281721556
91,19.6,-0.8385013910578623
91,19.700000000000003,2.0310471585283
91,19.8,-0.31120258444569016
91,19.900000000000002,2.2066873268385807
91,20.0,-0.4337621007962058
91,20.1,4.282116334904963
91,20.200000000000003,1.6144673856003138
91,20.3,1.029672264456833
91,20.400000000000002,2.9032548579987845
91,20.5,0.7277275886520067
91,20.6,-2.3777177687450064
91,20.700000000000003,1.7457796175970959
91,20.8,4.625944213599372
91,20.900000000000002,0.6994520471795929
91,21.0,4.838587608317003
91,21.1,4.9190798638015645
91,21.200000000000003,4.416365226556518
91,21.3,-1.1299009528005328
91,21.400000000000002,10.173546530011627
91,21.5,7.1096160593400874
91,21.6,3.978911803399652
91,21.700000000000003,1.8261185570162313
91,21.8,1.3540680815717558
91,21.900000000000002,0.12218476360243491
91,22.0,3.40519244704429
91,22.1,7.147451780360644
91,22.200000000000003,1.3613863245795788
91,22.3,4.21008691475533
91,22.400000000000002,6.715301082986005
91,22.5,7.472203104336014
91,22.6,5.859512759911156
91,22.700000000000003,3.3561736564337954
91,22.8,10.187530000171376
91,22.900000000000002,6.9692022004322185
91,23.0,7.048229222313541
91,23.1,8.192614824391232
91,23.200000000000003,4.129500712077094
91,23.3,3.2040138416844184
91,23.400000000000002,3.4603999034232045
91,23.5,9.996745541515953
91,23.6,7.466635358131479
91,23.700000000000003,3.048121382713811
91,23.8,3.6203437119168704
91,23.900000000000002,6.73576237097027
91,24.0,3.5112166877825097
91,24.1,6.361198691649858
91,24.200000000000003,7.499466825425449
91,24.3,7.613255483989279
91,24.400000000000002,9.704337355775115
91,24.5,11.430960551836264
91,24.6,7.471969526611418
91,24.700000000000003,7.89582014714261
91,24.8,11.419035691024604
91,24.900000000000002,8.427419748499558
91,25.0,8.125525774491097
91,25.1,9.798759333554333
91,25.200000000000003,8.118329502594955
91,25.3,7.48634606722702
91,25.400000000000002,10.476227584497213
91,25.5,6.7348169576868875
91,25.6,7.347735497295541
91,25.700000000000003,8.465382234410523
91,25.8,10.349104844773214
91,25.900000000000002,4.161704339489706
91,26.0,11.365193285448335
91,26.1,10.286121766805259
91,26.200000000000003,5.3990976929246095
91,26.3,10.290677866592498
91,26.400000000000002,6.606422916697739
91,26.5,11.090277169160162
91,26.6,7.978120052966948
91,26.700000000000003,9.039500154309902
91,26.8,4.758702129204474
91,26.900000000000002,7.901198869179596
91,27.0,7.05996348242972
91,27.1,9.70265353563304
91,27.200000000000003,6.538628147644499
91,27.3,9.18315664319904
91,27.400000000000002,13.955585280200177
91,27.5,7.773600104046242
91,27.6,10.578492730542253
91,27.700000000000003,6.74175650112635
91,27.8,9.894444276835689
91,27.900000000000002,4.841594874096378
91,28.0,10.9308030408861
91,28.1,6.47770404922066
91,28.200000000000003,5.575506641560214
91,28.3,5.640555328183811
91,28.400000000000002,5.953253636697396
91,28.5,8.893471331802862
91,28.6,7.859785633902142
91,28.700000000000003,9.590151416973349
91,28.8,8.6815971979282
91,28.900000000000002,5.680920459488254
91,29.0,6.250292107887133
91,29.1,9.688729208898202
91,29.200000000000003,10.80404734574093
91,29.3,9.710729903010588
91,29.400000000000002,9.073534232082505
91,29.5,4.2931106296703785
91,29.6,1.2362199815424386
91,29.700000000000003,9.450523898937325
91,29.8,5.981429472685915
91,29.900000000000002,3.7320375446202703
91,30.0,5.717572073407929
91,30.1,7.67041556405837
91,30.200000000000003,5.133424298557827
91,30.3,3.3561299371167745
91,30.400000000000002,4.837019105333155
91,30.5,7.4446435755381355
91,30.6,7.1665368065476684
91,30.700000000000003,-0.600439060005991
91,30.8,6.663030647134585
91,30.900000000000002,4.804079386748937
91,31.0,7.406049807627803
91,31.1,-0.9870792718254648
91,31.200000000000003,3.902028409385177
91,31.3,2.6923964137698055
91,31.400000000000002,3.3015281806222254
91,31.5,1.0658219106554019
91,31.6,2.59033285423457
91,31.700000000000003,0.8807133729346197
91,31.8,4.718669935372164
91,31.900000000000002,10.889843127932986
91,32.0,3.2481546099374525
91,32.1,1.8070064852094525
91,32.2,11.616184111439186
91,32.300000000000004,2.553752441357797
91,32.4,1.7404528222201234
91,32.5,4.610889457690421
91,32.6,-0.3824157863009612
91,32.7,1.4559830617571123
91,32.800000000000004,-1.9251025333335834
91,32.9,2.9891369378426926
91,33.0,-0.5685224326376321
91,33.1,-0.749410258155863
91,33.2,-0.5903136991190199
91,33.300000000000004,3.31399108562014
91,33.4,-0.468169869280906
91,33.5,-0.055691621058593155
91,33.6,1.8481995087283987
91,33.7,3.649337865051878
91,33.800000000000004,-6.086829842968359
91,33.9,2.016240907642136
91,34.0,2.1815711714260684
91,34.1,2.1776933620299923
91,34.2,0.7100487996777378
91,34.300000000000004,-3.016603114790488
91,34.4,-0.007987498004012439
91,34.5,-0.7221662705171503
91,34.6,-0.8241375544717623
91,34.7,-2.180657143665491
91,34.800000000000004,-2.5276957400912363
91,34.9,-7.6547681230835405
91,35.0,-1.3546994578220835
91,35.1,-0.05484955128896907
91,35.2,0.5128997778319788
91,35.300000000000004,1.6154733565876227
91,35.4,0.5060460306507877
91,35.5,-3.6294734848667365
91,35.6,-1.204378599099569
91,35.7,-4.268756546306921
91,35.800000000000004,-0.14973289353267472
91,35.9,-4.355954784351815
91,36.0,0.4603854414771744
91,36.1,-6.750673435522284
91,36.2,-2.905867521522117
91,36.300000000000004,-3.271977880119685
91,36.4,-5.636965521022948
91,36.5,-5.912132402133254
91,36.6,-6.065124787978202
91,36.7,-1.5377067927449004
91,36.800000000000004,-5.94677994541006
91,36.9,-7.597085421192137
91,37.0,-7.603292527820106
91,37.1,-3.008662080105134
91,37.2,-6.524387156546391
91,37.300000000000004,0.27068962775227057
91,37.4,0.27538182562977287
91,37.5,-4.2943329524838
91,37.6,-6.484549280321024
91,37.7,-2.616115402880053
91,37.800000000000004,-7.413047195464361
91,37.9,-3.0200404075569716
91,38.0,-4.452856312509779
91,38.1,-5.924295270593838
91,38.2,-7.888983238185344
91,38.300000000000004,-5.486151254802641
91,38.400000000000006,-6.639689104945789
91,38.5,-5.906592266253801
91,38.6,-7.097503284489303
91,38.7,-2.7591674029602036
91,38.800000000000004,-10.86961452838834
91,38.900000000000006,-10.506587101801385
91,39.0,-5.644304826620612
91,39.1,-6.895304688179963
91,39.2,-10.894120460899556
91,39.300000000000004,-5.996669282355348
91,39.400000000000006,-7.444397593446034
91,39.5,-14.520841567999412
91,39.6,-3.401066016832469
91,39.7,-8.586199992952873
91,39.800000000000004,-9.023892970510659
91,39.900000000000006,-9.275485149297236
91,40.0,-11.92465363226619
91,40.1,-10.015001142441946
91,40.2,-5.657370694976663
91,40.300000000000004,-9.807471021115802
91,40.400000000000006,-7.739379728811433
91,40.5,-13.013147931809389
91,40.6,-7.305726950582509
91,40.7,-8.948627272687016
91,40.800000000000004,-7.998480791130815
91,40.900000000000006,-8.554000409939398
91,41.0,-8.648020655378485
91,41.1,-8.916684182412654
91,41.2,-5.042704390525697
91,41.300000000000004,-4.918176406425905
91,41.400000000000006,-8.706613772717624
91,41.5,-6.855233296314482
91,41.6,-9.929946345633452
91,41.7,-10.107863956542573
91,41.800000000000004,-9.041381174213475
91,41.900000000000006,-5.050224562928386
91,42.0,-14.824320120572716
91,42.1,-9.972277666723663
91,42.2,-6.749435765292391
91,42.300000000000004,-6.466920660394269
91,42.400000000000006,-7.745301086757431
91,42.5,-10.001633067100324
91,42.6,-6.594742086922893
91,42.7,-5.280156140964551
91,42.800000000000004,-4.616335240766209
91,42.900000000000006,-6.335739433194966
91,43.0,-8.055070744248281
91,43.1,-5.945028996479555
91,43.2,-4.425785172820657
91,43.300000000000004,-6.961418626744958
91,43.400000000000006,-6.7677375019234365
91,43.5,-10.168271380590316
91,43.6,-3.3259663722732884
91,43.7,-6.480600127108768
91,43.800000000000004,-11.84934569339825
91,43.900000000000006,-5.202027349967672
91,44.0,-2.3510833689604596
91,44.1,-12.369492432183616
91,44.2,-1.8222436547787453
91,44.300000000000004,-6.025139919302558
91,44.400000000000006,-4.059833784872955
91,44.5,-8.570798111322196
91,44.6,-4.530895333168388
91,44.7,-5.666328901206757
91,44.800000000000004,-4.313930871120241
91,44.900000000000006,-8.457062155331576
91,45.0,-7.4697236032212615
91,45.1,-8.918807580643517
91,45.2,0.2522397559243552
91,45.300000000000004,-2.7981816513414666
91,45.400000000000006,-5.2241246424717245
91,45.5,-4.402536044837931
91,45.6,-6.913192068346961
91,45.7,-5.365732309654907
91,45.800000000000004,-3.315253303909141
91,45.900000000000006,-8.350841711382389
91,46.0,-8.1042659067535
91,46.1,-6.372766908579251
91,46.2,-4.9977471977929175
91,46.300000000000004,0.3290643257983103
91,46.400000000000006,-3.273601222734612
91,46.5,-4.791839350429274
91,46.6,-2.110489103454091
91,46.7,-2.5004598653731316
91,46.800000000000004,-1.5159274435468042
91,46.900000000000006,0.6536934137505939
91,47.0,3.0924325850544183
91,47.1,-1.9275783372273168
91,47.2,3.990696563205484
91,47.300000000000004,-1.7943019892780527
91,47.400000000000006,-6.07049728631401
91,47.5,-8.83101746825694
91,47.6,-8.279752770191429
91,47.7,1.037205369647448
91,47.800000000000004,8.621347031836036
91,47.900000000000006,22.80934630481108
91,48.0,22.871322921265545
91,48.1,10.459261100636287
91,48.2,-1.5280131545661397
91,48.300000000000004,51.14951584728632
91,48.400000000000006,325.1566817762992
91,48.5,877.2455118644741
91,48.6,1148.7774470194036
91,48.7,613.4643142888765
91,48.800000000000004,-189.40772826653696
91,48.900000000000006,-564.5654688600167
91,49.0,-491.95049616688846
91,49.1,-284.895832763116
91,49.2,-146.98208531748364
91,49.300000000000004,-99.01968361143744
91,49.400000000000006,-52.73386437532646
91,49.5,3.196672923912866
91,49.6,62.38156473567137
91,49.7,97.11475220323048
91,49.800000000000004,85.48919936724977
91,49.900000000000006,39.165506234310335
91,50.0,-33.68222205914996
91,50.1,-80.81947105341723
91,50.2,-97.1719829216524
91,50.300000000000004,-59.60554503962871
91,50.400000000000006,6.342264528048242
91,50.5,66.11722666041135
91,50.6,96.33999065768637
91,50.7,90.13451324642872
91,50.800000000000004,33.31362164371951
91,50.900000000000006,-29.83382445008025
91,51.0,-64.78205790236032
91,51.1,-69.96425280513697
91,51.2,-36.694536039809854
91,51.300000000000004,8.41245540985443
91,51.400000000000006,49.6069578990789
91,51.5,68.98186450257542
91,51.6,49.661783196366166
91,51.7,15.461670722543158
91,51.800000000000004,-11.137205457070849
91,51.900000000000006,-31.099613693219133
91,52.0,-30.64865429300919
91,52.1,-15.094047512647027
91,52.2,10.394864446035935
91,52.300000000000004,21.181880907466336
91,52.400000000000006,27.321561798381957
91,52.5,23.520419756812174
91,52.6,9.689892566833407
91,52.7,0.5340658942503778
91,52.800000000000004,-8.199592078744676
91,52.900000000000006,-5.650962706243014
91,53.0,3.6654655181863296
91,53.1,6.355520274506559
91,53.2,15.12883429590773
91,53.300000000000004,15.842854312735767
91,53.400000000000006,8.337366477017126
91,53.5,5.988891681449788
91,53.6,6.974454959092664
91,53.7,5.861616909025138
91,53.800000000000004,6.377546096597453
91,53.900000000000006,8.416673543638712
91,54.0,5.119531078555714
91,54.1,12.665726622372953
91,54.2,7.775527261767571
91,54.300000000000004,6.128805721696139
91,54.400000000000006,5.546048365359133
91,54.5,11.729869457615687
91,54.6,14.065404699075591
91,54.7,9.730538189801354
91,54.800000000000004,9.54252530497656
91,54.900000000000006,7.866259720814134
91,55.0,5.284629395850727
91,55.1,7.73549633550096
91,55.2,2.9184685076061667
91,55.300000000000004,7.195880450877153
91,55.400000000000006,13.541889099942058
91,55.5,5.7081860193233975
91,55.6,13.987233398649378
91,55.7,6.916490318588169
91,55.800000000000004,4.391853543586419
91,55.900000000000006,9.183575607822325
91,56.0,8.35772701251951
91,56.1,10.644649502842247
91,56.2,9.115454819559886
91,56.300000000000004,3.564235790992609
91,56.400000000000006,7.006277075646902
91,56.5,8.88134846454666
91,56.6,6.665776778473573
91,56.7,11.659531116798105
91,56.800000000000004,11.918111665606734
91,56.900000000000006,5.852636437544883
91,57.0,7.254004024574169
91,57.1,5.612960513461111
91,57.2,10.31684485731672
91,57.300000000000004,10.229443619409949
91,57.400000000000006,2.2197174651922014
91,57.5,4.1017552364158485
91,57.6,9.238206991339965
91,57.7,2.927052196934831
91,57.800000000000004,7.3675262055001465
91,57.900000000000006,7.735566028733274
91,58.0,5.0189613063864895
91,58.1,11.264771385660595
91,58.2,8.917262536136276
91,58.300000000000004,5.390023476218947
91,58.400000000000006,8.507285164679994
91,58.5,4.89494586736314
91,58.6,7.591414670075923
91,58.7,8.09447934830955
91,58.800000000000004,5.567930949634208
91,58.900000000000006,0.9245696669027285
91,59.0,0.07232502595827013
91,59.1,6.443066319773646
91,59.2,5.715116629669148
91,59.300000000000004,6.201737528735518
91,59.400000000000006,4.262872983480356
91,59.5,-0.34757642766002755
91,59.6,0.6095811049136736
91,59.7,4.048453282428044
91,59.800000000000004,7.798001810134402
91,59.900000000000006,2.2024373053991173
91,60.0,8.98057472111049
91,60.1,-2.805834702447617
91,60.2,-1.43609617117
91,60.300000000000004,1.0898437213495897
91,60.400000000000006,4.5369297810760205
91,60.5,-0.3798337045072991
91,60.6,-0.37006228657509327
91,60.7,-1.803050911406309
91,60.800000000000004,2.2102156629558665
91,60.900000000000006,3.5477878066208217
91,61.0,5.2254213961536875
91,61.1,-1.2108550145581984
91,61.2,1.4844635408331865
91,61.300000000000004,-1.0183531057508253
91,61.400000000000006,5.743237741646853
91,61.5,-1.0290529928596406
91,61.6,3.488869858759011
91,61.7,1.7367596462390966
91,61.800000000000004,-4.540943017363879
91,61.900000000000006,1.7529517161601085
91,62.0,2.6576571825441784
91,62.1,-3.4262832300800756
91,62.2,2.0110838252981535
91,62.300000000000004,-1.1254671301710344
91,62.400000000000006,2.1330308353094027
91,62.5,1.111732657237503
91,62.6,-2.8407104030230728
91,62.7,0.02326601384563831
91,62.800000000000004,-1.155226535469972
91,62.900000000000006,-0.43557399918764683
91,63.0,-3.463664049347291
91,63.1,1.5315218314898313
91,63.2,-1.4357074988657863
91,63.300000000000004,-1.0425580791626894
91,63.400000000000006,-5.641512300462335
91,63.5,-1.4221554748800274
91,63.6,-2.7209267348297477
91,63.7,-6.149770913839784
91,63.800000000000004,-1.8507055708141733
91,63.900000000000006,-2.41744621209588
91,64.0,-0.5423176315083009
91,64.10000000000001,-1.4682969126382452
91,64.2,0.606502245544652
91,64.3,-5.2015500127924605
91,64.4,1.6223621475719763
91,64.5,0.877263461988826
91,64.60000000000001,-1.3045678767492923
91,64.7,-2.4062558060002175
91,64.8,-6.517824081648927
91,64.9,-4.180114504050061
91,65.0,-8.60743868905979
91,65.10000000000001,-5.676016306980396
91,65.2,-4.526658437341789
91,65.3,-3.3352896766645928
91,65.4,-0.5528135604213729
91,65.5,-10.607480313964725
91,65.60000000000001,-10.521089997726001
91,65.7,-7.091742905824293
91,65.8,-6.666748844653016
91,65.9,-9.251612404950192
91,66.0,-5.867824144716622
91,66.10000000000001,-6.081159178707601
91,66.2,-4.008666369588333
91,66.3,-7.627513392494804
91,66.4,-6.012948275049484
91,66.5,3.9587348754028433
91,66.60000000000001,-7.230699627653991
91,66.7,-2.7706530617917142
91,66.8,-4.6719074489067385
91,66.9,-11.932477928824046
91,67.0,-9.166901976479402
91,67.10000000000001,-10.353663452908078
91,67.2,-4.9164140658279685
91,67.3,-8.186608032025363
91,67.4,-8.12452114462143
91,67.5,-7.784407606661274
91,67.60000000000001,-3.747978023957283
91,67.7,-8.222152949710116
91,67.8,-9.170906270270617
91,67.9,-5.9361456420405965
91,68.0,-8.94346309921039
91,68.10000000000001,-7.529341105619616
91,68.2,-5.905232222670497
91,68.3,-5.855428163362749
91,68.4,-6.676102814484401
91,68.5,-11.40703809122138
91,68.60000000000001,-13.844093389113247
91,68.7,-7.9894931449074535
91,68.8,-3.517521155354755
91,68.9,-8.821346196592724
91,69.0,-8.284473797076782
91,69.10000000000001,-6.318335516994715
91,69.2,-8.359495526565249
91,69.3,-3.91536087754472
91,69.4,-5.031532441622186
91,69.5,-13.252102532417908
91,69.60000000000001,-7.5296934053201605
91,69.7,-6.698836667729459
91,69.8,-8.512692315056144
91,69.9,-6.068738370988216
91,70.0,-9.840333543060954
91,70.10000000000001,-7.516073088047926
91,70.2,-8.857648487723955
91,70.3,-8.81387502776123
91,70.4,-4.480100532460242
91,70.5,-6.321567478997851
91,70.60000000000001,-6.523676381402941
91,70.7,-5.651637159058618
91,70.8,-3.186353661435117
91,70.9,-8.897787166671206
91,71.0,-4.35518792211368
91,71.10000000000001,-2.6733318684264775
91,71.2,-6.8875448249718
91,71.3,-5.67301093685324
91,71.4,-3.2840970684940096
91,71.5,-7.484350229948573
91,71.60000000000001,-5.370788105386624
91,71.7,-8.587429407570516
91,71.8,-3.227486283731849
91,71.9,-3.710003689418747
91,72.0,-8.141165276812284
91,72.10000000000001,-8.553333662557222
91,72.2,-6.164271401020577
91,72.3,-7.77725194014633
91,72.4,-9.207942839805165
91,72.5,-8.194145958586088
91,72.60000000000001,-5.671260330975964
91,72.7,-7.536491525488177
91,72.8,-9.211784540921064
91,72.9,-9.080504603467954
91,73.0,-2.510619250179777
91,73.10000000000001,-6.975478632383004
91,73.2,-5.14468940498387
91,73.3,-6.217325926894676
91,73.4,-5.012794248559939
91,73.5,-5.804025092765144
91,73.60000000000001,-1.1740013903519158
91,73.7,-11.260931858492917
91,73.8,-1.7554181029654523
91,73.9,-6.632612586761116
91,74.0,-2.744917495062083
91,74.10000000000001,-4.045200634138311
91,74.2,0.3342827860175772
91,74.3,-2.9380049979560736
91,74.4,-3.4673115440461606
91,74.5,-4.407785683079721
91,74.60000000000001,-5.335969664633705
91,74.7,-5.6428365026257605
91,74.8,-3.977390008986526
91,74.9,-6.072112183226803
91,75.0,-4.50398549272694
91,75.10000000000001,-4.749218233395395
91,75.2,-4.871989172641777
91,75.3,-4.156251052033072
91,75.4,-2.5799708363008382
91,75.5,-4.024042841362367
91,75.60000000000001,-0.9922674159194503
91,75.7,-0.6756777746939866
91,75.8,-5.4391366827561525
91,75.9,-1.6319256146547374
91,76.0,-3.4589019099247302
91,76.10000000000001,-3.3257111096441494
91,76.2,-0.20424239287413043
91,76.3,-1.4421540159970614
91,76.4,-1.3656519965747613
91,76.5,0.35774959502107195
91,76.60000000000001,2.008252855791106
91,76.7,2.8529259276214516
91,76.80000000000001,-2.2686415700133673
91,76.9,1.3791332289216518
91,77.0,-2.317961090262249
91,77.10000000000001,-7.438766025795406
91,77.2,-3.768500668223999
91,77.30000000000001,0.5467934075044156
91,77.4,3.3985485573505567
91,77.5,2.7685063078767307
91,77.60000000000001,3.3952695811862563
91,77.7,3.473050446535141
91,77.80000000000001,-3.9414928576149033
91,77.9,0.5341464982057018
91,78.0,0.0114451681859471
91,78.10000000000001,2.270120903092746
91,78.2,5.381123687626752
91,78.30000000000001,5.7974109158533285
91,78.4,7.44843936761305
91,78.5,3.054520464149229
91,78.60000000000001,1.6804927042867286
91,78.7,4.989308111054456
91,78.80000000000001,4.080953565574757
91,78.9,8.036523125686076
91,79.0,1.6658074587433882
91,79.10000000000001,9.442580361664572
91,79.2,8.382715382186479
91,79.30000000000001,6.990901297463376
91,79.4,2.433053798376156
91,79.5,3.3447039425976044
91,79.60000000000001,1.0334296180203684
91,79.7,7.910396738316484
91,79.80000000000001,7.262180016717669
91,79.9,3.29666552094117
91,80.0,9.095568617013587
91,80.10000000000001,6.970419471416749
91,80.2,6.209167154285802
91,80.30000000000001,5.896932477767658
91,80.4,8.739992936581373
91,80.5,5.05051166051816
91,80.60000000000001,4.910038266058105
91,80.7,9.689215576094506
91,80.80000000000001,2.2961657270690514
91,80.9,5.379280044672703
91,81.0,6.725653242400158
91,81.10000000000001,11.367456092615452
91,81.2,8.816660890737483
91,81.30000000000001,5.020683704748162
91,81.4,11.013269686053613
91,81.5,4.2916709581608306
91,81.60000000000001,6.936140054765972
91,81.7,4.081940329656556
91,81.80000000000001,9.249031621441974
91,81.9,7.846974740453926
91,82.0,3.493006618564516
91,82.10000000000001,5.5707967333158335
91,82.2,6.994410258432789
91,82.30000000000001,10.721880995853613
91,82.4,10.910142102653758
91,82.5,7.843473451180025
91,82.60000000000001,11.43446045588194
91,82.7,5.4451828972114384
91,82.80000000000001,5.557384424043085
91,82.9,6.915850211747464
91,83.0,5.998239109711159
91,83.10000000000001,6.610324492285549
91,83.2,6.8799014247947685
91,83.30000000000001,10.512140464718959
91,83.4,5.565156587894355
91,83.5,8.099768318215157
91,83.60000000000001,9.374332929128428
91,83.7,11.306999804693298
91,83.80000000000001,10.490793544158178
91,83.9,9.829203588057048
91,84.0,9.726905240722346
91,84.10000000000001,7.909113195101369
91,84.2,7.569995216053119
91,84.30000000000001,7.365248101708893
91,84.4,14.406619275834911
91,84.5,5.167763739511168
91,84.60000000000001,8.755408201307139
91,84.7,7.330871358442633
91,84.80000000000001,8.558076213374015
91,84.9,12.131759126983807
91,85.0,4.925533323659375
91,85.10000000000001,-1.6598714318202255
91,85.2,1.910180781338303
91,85.30000000000001,5.009309541984393
91,85.4,1.4766569255581756
91,85.5,2.6352500183746574
91,85.60000000000001,0.4683903988801603
91,85.7,6.815160739439806
91,85.80000000000001,1.0798555763161204
91,85.9,6.12002249404097
91,86.0,15.740931964641018
91,86.10000000000001,15.177107904514687
91,86.2,18.219656439971708
91,86.30000000000001,28.499085249954366
91,86.4,25.794896272478944
91,86.5,33.67788602452474
91,86.60000000000001,30.038564248553676
91,86.7,28.98455069890871
91,86.80000000000001,23.141638865624287
91,86.9,10.557050317079657
91,87.0,-3.651781876130998
91,87.10000000000001,-16.354243490573587
91,87.2,-25.142149172353825
91,87.30000000000001,-46.33311798598836
91,87.4,-51.798825918388545
91,87.5,-56.88668618478783
91,87.60000000000001,-51.88816875269954
91,87.7,-51.64589650254982
91,87.80000000000001,-35.51200784880411
91,87.9,-17.843188104025426
91,88.0,-1.3710523988865129
91,88.10000000000001,22.071430373816902
91,88.2,44.41199573284493
91,88.30000000000001,57.78286187513186
91,88.4,64.32280892633295
91,88.5,62.40016807139985
91,88.60000000000001,62.735637738836786
91,88.7,54.474620489470695
91,88.80000000000001,38.002877152084714
91,88.9,25.70643733297398
91,89.0,8.551932928335802
91,89.10000000000001,-2.8743581991518736
91,89.2,-14.946110369213452
91,89.30000000000001,-22.836285491682514
91,89.4,-24.92568975040283
91,89.5,-21.548987544116248
91,89.60000000000001,-22.23671847657618
91,89.7,-10.793822997769027
91,89.80000000000001,-11.227527973190767
91,89.9,-8.39987090134299
91,90.0,-3.303038602871558
91,90.10000000000001,0.5446453802040374
91,90.2,0.07234066051737242
91,90.30000000000001,4.719853081050475
91,90.4,4.615156154896684
91,90.5,2.6245100995671593
91,90.60000000000001,7.118407430575402
91,90.7,1.9182676146441426
91,90.80000000000001,1.9308155703749275
91,90.9,-0.5272007380443728
91,91.0,1.9585447860650556
91,91.10000000000001,-3.52246052443417
91,91.2,-2.059619570264506
91,91.30000000000001,1.0345389076519775
91,91.4,0.0954487382072921
91,91.5,3.096189128449346
91,91.60000000000001,-2.2115810819135735
91,91.7,-1.5548483966759121
91,91.80000000000001,-1.8122305824744471
91,91.9,-2.4445959956052272
91,92.0,-2.5889998145426745
91,92.10000000000001,-4.328611700777193
91,92.2,0.29884964973253897
91,92.30000000000001,-3.654196820104791
91,92.4,2.2317371758673854
91,92.5,-1.8117035770494125
91,92.60000000000001,-5.374494607153207
91,92.7,-3.758010775681919
91,92.80000000000001,-3.321104294776947
91,92.9,-3.877444108609105
91,93.0,-6.107215333081877
91,93.10000000000001,-0.3099676986337167
91,93.2,-4.072118983836321
91,93.30000000000001,-3.784705583412124
91,93.4,-6.61569619051201
91,93.5,-5.719500385200012
91,93.60000000000001,-2.9348963711881373
91,93.7,-2.605586509283787
91,93.80000000000001,-4.844293951222854
91,93.9,-3.1987962169568855
91,94.0,-3.8515034630622837
91,94.10000000000001,-10.047914097161101
91,94.2,-5.698225421284883
91,94.30000000000001,-7.551017952680479
91,94.4,-3.3046280218758994
91,94.5,-3.9809298124069588
91,94.60000000000001,-10.117073117526507
91,94.7,-3.9112139029666273
91,94.80000000000001,-6.819099539450778
91,94.9,-4.938702334811668
91,95.0,-3.10468648267602
91,95.10000000000001,-3.100748782882683
91,95.2,-4.728767180644746
91,95.30000000000001,-1.3953653561027428
91,95.4,-5.585051612607326
91,95.5,-6.1597791087390075
91,95.60000000000001,-11.920507598761642
91,95.7,-11.326911936239506
91,95.80000000000001,-8.958612019422276
91,95.9,-5.866000585766137
91,96.0,-6.22304888115902
91,96.10000000000001,-9.238053116758108
91,96.2,-8.50813827016198
91,96.30000000000001,-6.7342054373408065
91,96.4,-7.274957705541735
91,96.5,-3.9640907806846237
91,96.60000000000001,-3.713755103294632
91,96.7,-7.957890643719016
91,96.80000000000001,-6.689421539550189
91,96.9,-5.262364513598692
91,97.0,-8.747721309890084
91,97.10000000000001,-3.5839154796013473
91,97.2,-2.88888580582046
91,97.30000000000001,-7.10044522651426
91,97.4,-9.737428532655448
91,97.5,-5.353815980890195
91,97.60000000000001,-8.833965406961946
91,97.7,-8.865195753785418
91,97.80000000000001,-7.328371728302824
91,97.9,-4.821949420867735
91,98.0,-7.963358693571297
91,98.10000000000001,-2.1095381531509636
91,98.2,-11.972395833532849
91,98.30000000000001,-11.702550625129913
91,98.4,-10.684729649177973
91,98.5,-9.031130736908315
91,98.60000000000001,-6.022699806418425
91,98.7,-9.92474923050855
91,98.80000000000001,-6.842449621455316
91,98.9,-9.914849244869494
91,99.0,-14.907389118250693
91,99.10000000000001,-7.544572880132105
91,99.2,-9.27101791457632
91,99.30000000000001,-8.108704083133128
91,99.4,-7.129240964483919
91,99.5,-6.623612904651137
91,99.60000000000001,-8.966400852432066
91,99.7,-9.42734500984721
91,99.80000000000001,-8.998527791604769
91,99.9,-8.834577224441643
91,100.0,-6.454126782692809
91,100.10000000000001,-8.058651419303464
91,100.2,-8.552744885618178
91,100.30000000000001,-12.13107109393271
91,100.4,-11.08568278240077
91,100.5,-5.035201060373163
91,100.60000000000001,-8.329589798465886
91,100.7,-6.473780703017834
91,100.80000000000001,-4.629760736255928
91,100.9,-10.802642285238917
91,101.0,-6.905961474868808
91,101.10000000000001,-12.03456370146565
91,101.2,-6.322470176724618
91,101.30000000000001,-4.5106188143211146
91,101.4,-0.7418238737092882
91,101.5,-6.565688024389233
91,101.60000000000001,-8.65882634166458
91,101.7,-4.694617361795885
91,101.80000000000001,-5.481611704101466
91,101.9,-1.8368821102949089
91,102.0,-5.365177902472062
91,102.10000000000001,-3.7262283063896375
91,102.2,-10.684237767159273
91,102.30000000000001,-5.451057349537407
91,102.4,-1.7403570018997057
91,102.5,-3.3758987209957065
91,102.60000000000001,-3.487165337451978
91,102.7,-4.049138304056939
91,102.80000000000001,0.017375652533360597
91,102.9,-4.229456947132781
91,103.0,-1.6924984720489016
91,103.10000000000001,-5.070382742554097
91,103.2,-0.29057409101947806
91,103.30000000000001,-1.8209825906099635
91,103.4,-3.5467631049254957
91,103.5,1.5244637834214423
91,103.60000000000001,-0.2572388996524846
91,103.7,-1.7999054779109094
91,103.80000000000001,-0.7566864091421142
91,103.9,-1.9727480475496726
91,104.0,-3.721686555931607
91,104.10000000000001,-1.3514988173347289
91,104.2,1.957126107476853
91,104.30000000000001,-3.639338325135216
91,104.4,-2.3270714182424017
91,104.5,0.4628785641792046
91,104.60000000000001,-4.0189159962400165
91,104.7,-2.221179514770546
91,104.80000000000001,-1.0400814275654444
91,104.9,1.8941735002784188
91,105.0,-1.9569576886273268
91,105.10000000000001,-2.8043925124363014
91,105.2,-0.746431912131693
91,105.30000000000001,3.1544033021855684
91,105.4,-1.4053052481605373
91,105.5,-1.9865381995602998
91,105.60000000000001,1.1506132321743852
91,105.7,0.7358258853337005
91,105.80000000000001,2.7415166193667018
91,105.9,1.2069832315217257
91,106.0,2.1190718081909536
91,106.10000000000001,4.238869771459857
91,106.2,-0.8532247056548958
91,106.30000000000001,4.86001114159717
91,106.4,-0.3133588444396622
91,106.5,2.2955006593137295
91,106.60000000000001,8.805931688838383
91,106.7,5.240805602883283
91,106.80000000000001,0.8153701786761007
91,106.9,2.6819536239694655
91,107.0,2.342793573137823
91,107.10000000000001,5.003976526519528
91,107.2,6.644390883417616
91,107.30000000000001,3.947562668749809
91,107.4,-3.0038077539274926
91,107.5,4.561310686753677
91,107.60000000000001,5.930638321707579
91,107.7,2.7992045356609445
91,107.80000000000001,5.734982640300631
91,107.9,2.7355561641934165
91,108.0,6.265978278250959
91,108.10000000000001,-3.4635302966736985
91,108.2,0.46533050777080387
91,108.30000000000001,2.034179345758689
91,108.4,4.218728984622252
91,108.5,5.110366572822091
91,108.60000000000001,6.145656234756871
91,108.7,6.707678552789589
91,108.80000000000001,2.124903025992068
91,108.9,2.1025303518807372
91,109.0,5.442339989553423
91,109.10000000000001,5.2134180865734745
91,109.2,6.530207506052603
91,109.30000000000001,2.1833204077911352
91,109.4,4.31954607585614
91,109.5,3.2908658451131716
91,109.60000000000001,8.328201755762825
91,109.7,6.713973694762236
91,109.80000000000001,7.550301286500582
91,109.9,7.9302877147228745
91,110.0,10.63025530963353
91,110.10000000000001,3.6299137909002344
91,110.2,3.078965303027185
91,110.30000000000001,7.385667924596474
91,110.4,7.146846546503225
91,110.5,6.410597033114963
91,110.60000000000001,2.3779501856568874
91,110.7,5.2316356496196335
91,110.80000000000001,9.737381358979224
91,110.9,4.818519888031023
91,111.0,10.878984114861879
91,111.10000000000001,8.134299939738003
91,111.2,12.651281435313722
91,111.30000000000001,6.949320149173768
91,111.4,9.306255110986521
91,111.5,6.7653888938208215
91,111.60000000000001,3.290206924530234
91,111.7,9.367807489881873
91,111.80000000000001,7.20124711575315
91,111.9,5.940677581349343
91,112.0,8.732601044048849
91,112.10000000000001,11.730206626026748
91,112.2,7.679362229231736
91,112.30000000000001,8.541096052298597
91,112.4,8.604171342745609
91,112.5,7.871998761062127
91,112.60000000000001,15.705664515936814
91,112.7,5.294078600604123
91,112.80000000000001,12.974274380286767
91,112.9,7.904503667629329
91,113.0,7.786783820955686
91,113.10000000000001,4.417565822683477
91,113.2,7.566293346967943
91,113.30000000000001,10.836590305914772
91,113.4,9.518127059235429
91,113.5,8.434167017947837
91,113.60000000000001,6.646601700983942
91,113.7,6.386835423089291
91,113.80000000000001,7.71731037642543
91,113.9,8.3605387285827
91,114.0,8.618859097827274
91,114.10000000000001,9.806586098239586
91,114.2,4.750632630099878
91,114.30000000000001,4.78598404564219
91,114.4,8.266747929842508
91,114.5,5.726312480719172
91,114.60000000000001,8.56413984483417
91,114.7,6.080712387350032
91,114.80000000000001,5.144134962899285
91,114.9,9.02565319118354
91,115.0,4.067972368951887
91,115.10000000000001,9.622916435561379
91,115.2,1.4641232374152873
91,115.30000000000001,6.4481362916931895
91,115.4,8.404571974587386
91,115.5,5.485619514590971
91,115.60000000000001,9.571570982671401
91,115.7,6.464310606832896
91,115.80000000000001,4.924578744835472
91,115.9,4.546135879310482
91,116.0,7.780291669683815
91,116.10000000000001,8.09176306446067
91,116.2,1.7307233107827198
91,116.30000000000001,4.175389554993114
91,116.4,1.2454424520840996
91,116.5,4.472406254789382
91,116.60000000000001,3.845424352668388
91,116.7,6.930620572987344
91,116.80000000000001,5.947896065778361
91,116.9,0.5802936997154191
91,117.0,1.7005451758923096
91,117.10000000000001,1.6462978571281792
91,117.2,1.7419212002408533
91,117.30000000000001,-0.11511760624284584
91,117.4,1.2337932435011552
91,117.5,3.2749252900047296
91,117.60000000000001,4.894517546521013
91,117.7,0.7904877488369664
91,117.80000000000001,4.100895979480166
91,117.9,7.219782962478408
91,118.0,-0.669892240757251
91,118.10000000000001,0.21111634612070773
91,118.2,-0.6384720748191266
91,118.30000000000001,2.5396983798675037
91,118.4,5.379562468494935
91,118.5,-0.6935047003064629
91,118.60000000000001,2.512279104604155
91,118.7,1.4280008015733343
91,118.80000000000001,0.2944603029146323
91,118.9,-1.6851221902353213
91,119.0,1.391919714763352
91,119.10000000000001,-0.6332193668332305
91,119.2,-1.65732509234697
91,119.30000000000001,-2.3234490759306783
91,119.4,-0.8778579706053967
91,119.5,-0.8395129892722999
91,119.60000000000001,0.7565823081377159
91,119.7,-1.7659429282572963
91,119.80000000000001,0.4082817086249022
91,119.9,-3.1874526203624662
91,120.0,1.1873859634502573
99,0.0,3.7447640396400743
99,0.1,2.555984891223941
99,0.2,-4.149322799327953
99,0.30000000000000004,6.879633189594302
99,0.4,-2.906805884451773
99,0.5,-2.223436591689669
99,0.6000000000000001,0.588701393617048
99,0.7000000000000001,-3.4091861061010134
99,0.8,0.13518034224367775
99,0.9,1.7142714302155582
99,1.0,-1.6289065972353027
99,1.1,-4.81284977895164
99,1.2000000000000002,-3.0443897952059653
99,1.3,-0.19907210234306982
99,1.4000000000000001,-4.331974816625943
99,1.5,-1.9530611117787322
99,1.6,-5.651603253686231
99,1.7000000000000002,-3.3429870577698395
99,1.8,2.2319989658428
99,1.9000000000000001,-4.2865226942359875
99,2.0,-2.5362186190866858
99,2.1,-4.646910787330566
99,2.2,-5.058875154858352
99,2.3000000000000003,-0.13472782490750834
99,2.4000000000000004,-4.463737888557274
99,2.5,-1.837570739010978
99,2.6,-6.397922099785885
99,2.7,-6.085137080279489
99,2.8000000000000003,-3.534030125822573
99,2.9000000000000004,-3.878169239292855
99,3.0,-2.5514055502221664
99,3.1,-3.262580957052397
99,3.2,-7.822785283340556
99,3.3000000000000003,-3.114118832964282
99,3.4000000000000004,-3.5470342826510484
99,3.5,-4.451859020808075
99,3.6,-5.401400588753001
99,3.7,-4.205655246027457
99,3.8000000000000003,-3.9554719019197417
99,3.9000000000000004,-5.622839239395173
99,4.0,-5.0320499655732505
99,4.1000000000000005,-6.396608003631272
99,4.2,-5.593385492506155
99,4.3,-7.203559863434132
99,4.4,-5.338345284053711
99,4.5,-2.2797117064543624
99,4.6000000000000005,-7.88010028621745
99,4.7,-13.099794729098923
99,4.800000000000001,-10.109189623181134
99,4.9,-3.597821257379715
99,5.0,-9.003062100310249
99,5.1000000000000005,-3.609856823646352
99,5.2,-4.0481273935087465
99,5.300000000000001,-5.282773738954267
99,5.4,-10.09858778271665
99,5.5,-10.370934962863384
99,5.6000000000000005,-10.07922538216733
99,5.7,-9.435607830627161
99,5.800000000000001,-7.710186123876789
99,5.9,-5.12904624926961
99,6.0,-5.894328368046489
99,6.1000000000000005,-4.921401324994543
99,6.2,-10.981131360613697
99,6.300000000000001,-4.798215591054122
99,6.4,-7.559406968616701
99,6.5,-8.23565627420926
99,6.6000000000000005,-9.53737808550198
99,6.7,-9.69382154462998
99,6.800000000000001,-5.004521819423175
99,6.9,-7.515265196172058
99,7.0,-7.247103757543136
99,7.1000000000000005,-10.512329347849256
99,7.2,-5.781222789394906
99,7.300000000000001,-7.851680335866218
99,7.4,-13.653396389602644
99,7.5,-8.78199938091152
99,7.6000000000000005,-8.924552448902935
99,7.7,-9.552036741449541
99,7.800000000000001,-9.69336491669704
99,7.9,-9.769481247185334
99,8.0,-8.233790145970183
99,8.1,-11.738847257964798
99,8.200000000000001,-8.4929869587985
99,8.3,-7.1525267602437985
99,8.4,-5.63576105917422
99,8.5,-9.677132565105717
99,8.6,-9.090977098716413
99,8.700000000000001,-7.042619698017892
99,8.8,-4.027147304312727
99,8.9,-6.645676608194321
99,9.0,-4.314973067927683
99,9.1,-11.103495750997794
99,9.200000000000001,-10.490993933548964
99,9.3,-4.790387412785696
99,9.4,-12.322948184651388
99,9.5,-6.237609945178119
99,9.600000000000001,-3.39005257916857
99,9.700000000000001,-7.81712506609127
99,9.8,-7.773740291370006
99,9.9,-6.277039587052068
99,10.0,-7.592824829089321
99,10.100000000000001,-9.287735196458046
99,10.200000000000001,-8.15208134697647
99,10.3,-5.3342552331066155
99,10.4,-4.899568668177308
99,10.5,-5.609618817108984
99,10.600000000000001,-9.657465393280239
99,10.700000000000001,-5.11579588569678
99,10.8,-5.219089500572485
99,10.9,-7.540078006323652
99,11.0,-6.549795949937
99,11.100000000000001,-8.637580268297562
99,11.200000000000001,-3.1820312929131593
99,11.3,-4.172196114409896
99,11.4,-7.142613665737388
99,11.5,-5.71065499951749
99,11.600000000000001,-9.373782217070666
99,11.700000000000001,-6.460498499095918
99,11.8,-0.5425970299457665
99,11.9,-3.969094261111735
99,12.0,-2.135968315251473
99,12.100000000000001,-3.3763811751973436
99,12.200000000000001,-7.252974275301833
99,12.3,-1.2316171562609939
99,12.4,-3.465986218019807
99,12.5,-1.3152502514406312
99,12.600000000000001,-0.9422849318440112
99,12.700000000000001,-4.535626142626135
99,12.8,-9.394492381541736
99,12.9,-1.2129276400553386
99,13.0,0.12108762768305681
99,13.100000000000001,-0.3406394025290198
99,13.200000000000001,-0.8665224866213324
99,13.3,-5.500043153976277
99,13.4,-6.601382770821022
99,13.5,-2.1246999360471905
99,13.600000000000001,-1.0157787106738392
99,13.700000000000001,-2.797269141587319
99,13.8,-1.4246619585280262
99,13.9,-0.46234197442009584
99,14.0,-4.234067728867947
99,14.100000000000001,-1.3262687590782845
99,14.200000000000001,-3.394207924331511
99,14.3,-2.0592452151750518
99,14.4,-2.4724463625338675
99,14.5,-2.5103802471222094
99,14.600000000000001,3.365863273411157
99,14.700000000000001,-5.467619452116892
99,14.8,-2.305604890000214
99,14.9,-1.0272388607393783
99,15.0,-7.023948594700121
99,15.100000000000001,-0.20388019840192534
99,15.200000000000001,0.03716966890635748
99,15.3,-0.43614026907306847
99,15.4,0.7393406976225396
99,15.5,-3.11536856402876
99,15.600000000000001,0.5521138917184245
99,15.700000000000001,-6.089682307777179
99,15.8,1.1819504520065336
99,15.9,-1.0469679347117427
99,16.0,1.193122587347197
99,16.1,5.060433306514
99,16.2,0.6024951423861511
99,16.3,7.093165225234046
99,16.400000000000002,5.323679199461417
99,16.5,-0.31556020836628074
99,16.6,6.891965970222536
99,16.7,2.403327416531279
99,16.8,0.9266194793239357
99,16.900000000000002,4.363405166070056
99,17.0,4.679654230161972
99,17.1,1.6877694359383058
99,17.2,5.27202973982329
99,17.3,2.378947885910589
99,17.400000000000002,5.884238855949292
99,17.5,7.129611611374752
99,17.6,5.907124506070839
99,17.7,4.803264346636355
99,17.8,3.230012938688227
99,17.900000000000002,5.019371366502786
99,18.0,2.259600293191411
99,18.1,9.545839898966559
99,18.2,7.076034281322942
99,18.3,8.731990913567447
99,18.400000000000002,3.525794658669277
99,18.5,6.305538434379139
99,18.6,3.5509831724741723
99,18.7,5.0342909995360845
99,18.8,5.639504330220155
99,18.900000000000002,4.038437841097634
99,19.0,1.9780140172921792
99,19.1,8.604854897408897
99,19.200000000000003,7.639936326888995
99,19.3,6.561400968244512
99,19.400000000000002,8.655510353653703
99,19.5,7.745335406930636
99,19.6,5.505393519247494
99,19.700000000000003,8.392969876595997
99,19.8,9.643620323166928
99,19.900000000000002,9.759141031206989
99,20.0,7.753173739556205
99,20.1,9.63989012548259
99,20.200000000000003,5.952254262587411
99,20.3,9.996826078062364
99,20.400000000000002,5.8275986587243
99,20.5,8.688170010445392
99,20.6,6.035472250650403
99,20.700000000000003,4.304534826481371
99,20.8,7.1980637015791
99,20.900000000000002,14.55077007175353
99,21.0,8.290933692847199
99,21.1,7.511543658823772
99,21.200000000000003,7.704781781644286
99,21.3,10.29940784650578
99,21.400000000000002,6.408374417668163
99,21.5,8.720297140057209
99,21.6,13.118396578205463
99,21.700000000000003,4.899913024927212
99,21.8,8.009775321804185
99,21.900000000000002,10.517340659029198
99,22.0,10.728284850675415
99,22.1,6.435896846779134
99,22.200000000000003,9.226872065177375
99,22.3,5.64091013134127
99,22.400000000000002,6.7354054353699615
99,22.5,5.301806363665239
99,22.6,3.933694704783459
99,22.700000000000003,7.7392669226038775
99,22.8,8.201493863474596
99,22.900000000000002,2.6741287553973256
99,23.0,8.824078108990744
99,23.1,4.374975349892889
99,23.200000000000003,11.393115365926283
99,23.3,10.71636968262272
99,23.400000000000002,9.115254814595616
99,23.5,7.827733205659458
99,23.6,3.9417051314893126
99,23.700000000000003,7.560136984263874
99,23.8,6.050945987725624
99,23.900000000000002,2.492218319816719
99,24.0,10.390124696342218
99,24.1,8.891602440146464
99,24.200000000000003,5.764031597143874
99,24.3,8.421472489317281
99,24.400000000000002,4.181766477679286
99,24.5,6.373522532447717
99,24.6,6.455317368999363
99,24.700000000000003,5.398486190939936
99,24.8,8.299641044734711
99,24.900000000000002,7.496164482468931
99,25.0,6.126304838025688
99,25.1,8.296222440504401
99,25.200000000000003,14.343150529128387
99,25.3,10.975292400461793
99,25.400000000000002,3.87234942278941
99,25.5,5.020363371118879
99,25.6,7.699432253451782
99,25.700000000000003,7.358143205187316
99,25.8,4.245744971880335
99,25.900000000000002,8.390679156402092
99,26.0,4.330096782042373
99,26.1,2.7478296415479364
99,26.200000000000003,5.1404139993039735
99,26.3,4.671690266726807
99,26.400000000000002,5.773712390638069
99,26.5,5.9365702633713
99,26.6,3.442781490273232
99,26.700000000000003,2.2933865491379217
99,26.8,7.394939887978873
99,26.900000000000002,6.453745992470803
99,27.0,1.2870868393688468
99,27.1,4.566124437789489
99,27.200000000000003,2.7777215521947625
99,27.3,4.673068061348542
99,27.400000000000002,0.6624492862183882
99,27.5,6.0578422183246605
99,27.6,2.2874704325741844
99,27.700000000000003,0.2814826312679841
99,27.8,1.4133707981026213
99,27.900000000000002,4.985312516092204
99,28.0,1.0951775032945283
99,28.1,-3.136076636905335
99,28.200000000000003,5.873067045912993
99,28.3,2.0480727795843388
99,28.400000000000002,0.3408553186379297
99,28.5,-1.3056291071888837
99,28.6,-0.07044512966560457
99,28.700000000000003,-0.27740983139526054
99,28.8,-2.677732534665086
99,28.900000000000002,1.8172263368898856
99,29.0,3.844194471200014
99,29.1,2.643846449735058
99,29.200000000000003,-4.32629808010756
99,29.3,-1.3411190222831688
99,29.400000000000002,-5.231550753728465
99,29.5,-3.6952152065324606
99,29.6,-2.6713450243344306
99,29.700000000000003,-4.629565071769877
99,29.8,1.9233741598839522
99,29.900000000000002,-2.5312496605025374
99,30.0,-1.629222543447951
99,30.1,-3.439925980637897
99,30.200000000000003,0.5896980581522111
99,30.3,-2.7625947373381075
99,30.400000000000002,-0.21238810778110473
99,30.5,-0.7524786597696755
99,30.6,0.411460320861742
99,30.700000000000003,2.302738173429427
99,30.8,-5.170897155322879
99,30.900000000000002,-1.8397801199767692
99,31.0,-1.1161364100402673
99,31.1,-2.389374588164381
99,31.200000000000003,-5.447444826736948
99,31.3,-2.8979772820178766
99,31.400000000000002,-0.039928187689257655
99,31.5,-3.117823062173815
99,31.6,-0.9651545145829656
99,31.700000000000003,-5.163715476699193
99,31.8,-5.194773386254483
99,31.900000000000002,-3.8817821500920164
99,32.0,-8.356302708155724
99,32.1,-2.357510407996071
99,32.2,-5.355979805732535
99,32.300000000000004,-2.165123340819585
99,32.4,-2.9123864205365417
99,32.5,-1.57067538412246
99,32.6,-4.515425720646589
99,32.7,-4.204133929484923
99,32.800000000000004,-8.619723923655673
99,32.9,-7.6880993245726446
99,33.0,-4.113488536645427
99,33.1,-0.1675858498928564
99,33.2,-9.459727050474704
99,33.300000000000004,-4.530408456771555
99,33.4,-12.318457841331556
99,33.5,-5.044506700820723
99,33.6,-5.559909804285634
99,33.7,-3.086051151841314
99,33.800000000000004,-10.006584687966646
99,33.9,-6.550039510947517
99,34.0,-8.321984920450268
99,34.1,-13.533106296542616
99,34.2,-7.526800551281694
99,34.300000000000004,-9.093869090268269
99,34.4,-7.870229369673914
99,34.5,-7.303252476579696
99,34.6,-8.861397967669928
99,34.7,-8.43910700795012
99,34.800000000000004,-5.859406559271475
99,34.9,-8.777651088712314
99,35.0,-4.756223029646998
99,35.1,-7.500061550223975
99,35.2,-5.542402053375971
99,35.300000000000004,-6.889753808893031
99,35.4,-5.316894739351271
99,35.5,-7.910555185730085
99,35.6,-10.365959875286002
99,35.7,-7.624989514986375
99,35.800000000000004,-6.849104130175509
99,35.9,-8.656553874076957
99,36.0,-8.46802949872898
99,36.1,-6.344525927275459
99,36.2,-5.1080001648327995
99,36.300000000000004,-8.786425854576736
99,36.4,-10.50347683176363
99,36.5,-3.696354401019339
99,36.6,-5.708201679102315
99,36.7,-8.10366749686381
99,36.800000000000004,-8.316882383992345
99,36.9,-5.463311793977164
99,37.0,-5.18083305606463
99,37.1,-6.726262858326686
99,37.2,-7.851513600492398
99,37.300000000000004,-10.295143826995268
99,37.4,-4.2529944493337215
99,37.5,-3.8625203506153754
99,37.6,-13.817491493859777
99,37.7,-4.051702583753691
99,37.800000000000004,-5.377220293643331
99,37.9,-9.068161470929045
99,38.0,-10.808788317404423
99,38.1,-6.620254835309142
99,38.2,-7.824903947148196
99,38.300000000000004,-10.899266380670888
99,38.400000000000006,-14.152443878503487
99,38.5,-7.712832692758241
99,38.6,-6.417263320273746
99,38.7,-6.340389164263193
99,38.800000000000004,-7.86281134227969
99,38.900000000000006,-5.7922925139015975
99,39.0,-11.219699756960978
99,39.1,-9.022918122971644
99,39.2,-4.357142159346858
99,39.300000000000004,-8.435737689567388
99,39.400000000000006,-1.307816363797006
99,39.5,-1.6264325575990048
99,39.6,-6.831160123548196
99,39.7,-7.8224837949156765
99,39.800000000000004,-2.6866061029897073
99,39.900000000000006,-2.385543228501173
99,40.0,-7.8341481809607645
99,40.1,-5.282627837912823
99,40.2,-5.649017927574313
99,40.300000000000004,-7.012028260119475
99,40.400000000000006,-2.210247700824429
99,40.5,-6.232416538783983
99,40.6,-6.4981450744834826
99,40.7,-5.69986964938193
99,40.800000000000004,-1.713583645964072
99,40.900000000000006,-3.878174270159437
99,41.0,-9.529805603530795
99,41.1,-5.879844201274214
99,41.2,-0.30595768435170256
99,41.300000000000004,-1.2963512409941322
99,41.400000000000006,-2.113406660886655
99,41.5,-0.8334296377697473
99,41.6,-0.4396445028920764
99,41.7,1.8903031378033894
99,41.800000000000004,-3.152571789492906
99,41.900000000000006,-3.7839799222146357
99,42.0,-4.806106641544112
99,42.1,-2.5867379255404357
99,42.2,-3.2721932987663784
99,42.300000000000004,-6.920336950073443
99,42.400000000000006,-4.899328638594009
99,42.5,-5.060248936099419
99,42.6,2.6800003931426377
99,42.7,0.13239788238776262
99,42.800000000000004,-4.594938393083167
99,42.900000000000006,0.6250913720107519
99,43.0,0.44591519598282076
99,43.1,0.17638303606144437
99,43.2,-1.9299563888356344
99,43.300000000000004,-3.5417535702685625
99,43.400000000000006,4.515127932919986
99,43.5,-1.3076806962922805
99,43.6,0.21874848861741358
99,43.7,-4.430745743781979
99,43.800000000000004,-5.58665283377834
99,43.900000000000006,0.32626137036031183
99,44.0,1.8773480743750257
99,44.1,0.9226608951456502
99,44.2,5.32833968653583
99,44.300000000000004,0.08716962952858154
99,44.400000000000006,-0.15842607607120957
99,44.5,5.26645776166814
99,44.6,-1.1962118783704954
99,44.7,3.331642448598298
99,44.800000000000004,-1.0182767268280348
99,44.900000000000006,-1.9603898769741523
99,45.0,2.5788142478881797
99,45.1,2.7154096820775346
99,45.2,3.3770493201501512
99,45.300000000000004,4.5301390028904684
99,45.400000000000006,5.495798770004865
99,45.5,4.29477509516417
99,45.6,5.052914377257283
99,45.7,4.984126364956798
99,45.800000000000004,4.265673069946052
99,45.900000000000006,2.1949086115922167
99,46.0,0.5847192162179422
99,46.1,3.184107241876842
99,46.2,1.0671981098399002
99,46.300000000000004,10.310137278946211
99,46.400000000000006,5.123364905855169
99,46.5,4.832287498401963
99,46.6,6.366569457785059
99,46.7,1.8314722165637083
99,46.800000000000004,3.055335931639375
99,46.900000000000006,2.1975304185839324
99,47.0,12.194958778429703
99,47.1,4.839151151832751
99,47.2,4.30117062943496
99,47.300000000000004,14.60338708218157
99,47.400000000000006,16.49116784677491
99,47.5,10.789974438603567
99,47.6,3.0120056200333387
99,47.7,-2.9917971784598016
99,47.800000000000004,-5.228483387515319
99,47.900000000000006,-0.7836148885250216
99,48.0,3.3975958169807705
99,48.1,15.337161281139126
99,48.2,26.249185249836714
99,48.300000000000004,24.43075592312426
99,48.400000000000006,15.112072343959188
99,48.5,4.672185991817061
99,48.6,55.13916746016807
99,48.7,320.95061632064017
99,48.800000000000004,845.9677086142683
99,48.900000000000006,1095.5632357769628
99,49.0,590.4868995638905
99,49.1,-173.9230132369673
99,49.2,-527.6129601268166
99,49.300000000000004,-459.70729182571034
99,49.400000000000006,-263.7979455186247
99,49.5,-132.72023676544137
99,49.6,-85.4792306466889
99,49.7,-43.85516051406077
99,49.800000000000004,6.996551012927187
99,49.900000000000006,66.95508808027424
99,50.0,94.50326471974606
99,50.1,89.6988146660123
99,50.2,38.46687167287179
99,50.300000000000004,-27.28525750697501
99,50.400000000000006,-72.07830911741952
99,50.5,-84.86685298028087
99,50.6,-50.97815618058106
99,50.7,12.05420724807759
99,50.800000000000004,69.66852108056233
99,50.900000000000006,101.37919294151152
99,51.0,86.04041858976966
99,51.1,39.97238145676684
99,51.2,-25.68116246211173
99,51.300000000000004,-64.26157629198434
99,51.400000000000006,-65.6190128449327
99,51.5,-34.748491382111354
99,51.6,10.643896284897846
99,51.7,48.00143390358609
99,51.800000000000004,64.16425008580494
99,51.900000000000006,54.16156687638887
99,52.0,21.54903165237755
99,52.1,-12.405452624706367
99,52.2,-24.788482189732626
99,52.300000000000004,-28.404078260231536
99,52.400000000000006,-13.19012338736245
99,52.5,13.848603653810324
99,52.6,25.64135524139367
99,52.7,27.525441914167686
99,52.800000000000004,22.622511797429475
99,52.900000000000006,10.837308775377164
99,53.0,0.39886563681233866
99,53.1,-6.679669409131402
99,53.2,-4.829285690007073
99,53.300000000000004,3.0285633867252155
99,53.400000000000006,6.090658735411595
99,53.5,9.662198042008487
99,53.6,11.782272105786978
99,53.7,12.407635260221417
99,53.800000000000004,2.899559271031552
99,53.900000000000006,6.7372155587196945
99,54.0,0.05397690275819356
99,54.1,2.661746637746252
99,54.2,-0.08395332675229328
99,54.300000000000004,-0.014448271102969243
99,54.400000000000006,5.741824052397092
99,54.5,3.395394018129151
99,54.6,6.3681404603279095
99,54.7,1.206104509588929
99,54.800000000000004,4.198143882291623
99,54.900000000000006,6.68713053892087
99,55.0,4.9277799728880725
99,55.1,4.266204181066315
99,55.2,0.8752653116469435
99,55.300000000000004,4.80953810023612
99,55.400000000000006,5.240150962970931
99,55.5,6.892431529490023
99,55.6,1.6295891488604815
99,55.7,0.9948364808088153
99,55.800000000000004,2.531390777969272
99,55.900000000000006,4.929396451890045
99,56.0,2.8588146278545974
99,56.1,2.292510779552785
99,56.2,2.470301311649734
99,56.300000000000004,3.4936229441039597
99,56.400000000000006,-0.22657285025595628
99,56.5,4.013198076977306
99,56.6,0.2998970511084073
99,56.7,5.539716987504045
99,56.800000000000004,2.338124343107628
99,56.900000000000006,-0.45846621549657357
99,57.0,-1.8227547648933373
99,57.1,1.0046488330508894
99,57.2,1.0577756572721928
99,57.300000000000004,1.8917673428772301
99,57.400000000000006,0.8603663710459125
99,57.5,-3.9218883865795484
99,57.6,3.399407932894636
99,57.7,1.3198982109021964
99,57.800000000000004,-2.1803884045208894
99,57.900000000000006,-2.572867620895635
99,58.0,0.019710086070583516
99,58.1,-2.9745363258799564
99,58.2,0.3550736494973493
99,58.300000000000004,0.9694042026037776
99,58.400000000000006,-5.111017988699711
99,58.5,-2.07886042818114
99,58.6,-2.7170111663894785
99,58.7,2.2216303885985877
99,58.800000000000004,-1.8664557182643493
99,58.900000000000006,0.2997720570392318
99,59.0,-2.0838116217808165
99,59.1,-4.626569856186735
99,59.2,-2.5105916776915596
99,59.300000000000004,-1.2110615670055038
99,59.400000000000006,-2.447192928980911
99,59.5,-2.8526214400606578
99,59.6,-2.3715428389779163
99,59.7,1.8156228352184414
99,59.800000000000004,-5.083913516252114
99,59.900000000000006,-5.286568531595901
99,60.0,-5.655675977070444
99,60.1,-4.878939433202216
99,60.2,-6.855375328098816
99,60.300000000000004,-3.5386499845950605
99,60.400000000000006,-5.67949632485785
99,60.5,-6.41491178048697
99,60.6,-6.321026616813635
99,60.7,-3.149716352568301
99,60.800000000000004,-6.67070946015077
99,60.900000000000006,-4.83985229173745
99,61.0,-7.846657506535172
99,61.1,-5.002056514899137
99,61.2,-5.9866395702708095
99,61.300000000000004,-2.95971767555685
99,61.400000000000006,-1.9602085543370655
99,61.5,-8.029958281047167
99,61.6,-4.9135311030056075
99,61.7,-6.493518096450351
99,61.800000000000004,-2.762739550628232
99,61.900000000000006,-5.466847488211023
99,62.0,-6.173658129315598
99,62.1,-7.924727068548297
99,62.2,-8.585006684493012
99,62.300000000000004,-8.432173368814922
99,62.400000000000006,-10.515599565064143
99,62.5,-7.059201502621442
99,62.6,-8.467062324050843
99,62.7,-5.443491601823233
99,62.800000000000004,-6.838294399225504
99,62.900000000000006,-1.2700035249821129
99,63.0,-5.686865057567089
99,63.1,-10.028152621407024
99,63.2,-15.295528767372641
99,63.300000000000004,-5.968154960950868
99,63.400000000000006,-7.823957708580437
99,63.5,-6.736446275148617
99,63.6,-9.887717234269703
99,63.7,-9.464767867328607
99,63.800000000000004,-8.723867475556853
99,63.900000000000006,-2.9845106413508553
99,64.0,-12.357997956844997
99,64.10000000000001,-4.9726598274466465
99,64.2,-10.38849838811743
99,64.3,-7.6441487712063285
99,64.4,-5.712504360299128
99,64.5,-10.638094138673447
99,64.60000000000001,-5.976011421071949
99,64.7,-6.597059879602327
99,64.8,-9.4411554723884
99,64.9,-3.2740336984970675
99,65.0,-10.027483523918452
99,65.10000000000001,-4.907908216655394
99,65.2,-7.791495138589796
99,65.3,-9.455853820133541
99,65.4,-10.64424730714801
99,65.5,-10.346218066282402
99,65.60000000000001,-7.481992524686575
99,65.7,-3.9874352827983124
99,65.8,-7.115853509737043
99,65.9,-9.099184876881807
99,66.0,-5.385384641310782
99,66.10000000000001,-6.910761788450558
99,66.2,-7.108178496654867
99,66.3,-8.941731624710782
99,66.4,-10.24592088380709
99,66.5,-7.488841081324524
99,66.60000000000001,-4.690382915296944
99,66.7,-8.511273318002647
99,66.8,-4.4255986232428395
99,66.9,-10.565844809700735
99,67.0,-6.696434019332556
99,67.10000000000001,-6.853211840325445
99,67.2,-3.105096941164754
99,67.3,-2.928014265156769
99,67.4,-5.315743927245345
99,67.5,-6.540579975891275
99,67.60000000000001,-4.896582727531065
99,67.7,-4.6361795489964335
99,67.8,-6.741567156540811
99,67.9,-3.3174941002390925
99,68.0,-6.610495531835603
99,68.10000000000001,-7.29570730853871
99,68.2,-4.741561096144018
99,68.3,-4.582015585578995
99,68.4,-3.9890769901105614
99,68.5,-3.4198032915267484
99,68.60000000000001,-3.795313084406058
99,68.7,-5.883941403812951
99,68.8,-0.46038586786963087
99,68.9,-5.748013869048007
99,69.0,-5.220386893152883
99,69.10000000000001,-0.3959605717002219
99,69.2,-5.962015379259776
99,69.3,-4.733521194267105
99,69.4,-3.5932245638805527
99,69.5,-5.114161081189581
99,69.60000000000001,-5.406294830074035
99,69.7,-6.113238115313235
99,69.8,-2.126327817597545
99,69.9,-1.402851582716547
99,70.0,-5.631389003348831
99,70.10000000000001,-6.9870065619558765
99,70.2,-2.40086120994969
99,70.3,-4.633502591999559
99,70.4,-0.5495297802651162
99,70.5,-1.083550004190038
99,70.60000000000001,3.0891052419149787
99,70.7,-2.790739321818177
99,70.8,-1.8154703038723525
99,70.9,-2.3622799408261588
99,71.0,-1.4736808053498252
99,71.10000000000001,-0.6132430275655263
99,71.2,1.0759390608769517
99,71.3,2.3370187507143796
99,71.4,-0.7329092720393805
99,71.5,1.2720757728672258
99,71.60000000000001,-3.575926915057715
99,71.7,-1.6180891073115005
99,71.8,1.5682339142984507
99,71.9,-0.5858398127146418
99,72.0,-0.7699443271480244
99,72.10000000000001,-2.8025995052205235
99,72.2,-1.2650466650551275
99,72.3,-0.29661315628339224
99,72.4,1.1276388716853183
99,72.5,2.918615086745745
99,72.60000000000001,-2.421925098146743
99,72.7,1.7456973549009103
99,72.8,3.6242725947894905
99,72.9,-2.5871527003311243
99,73.0,0.9046805668737783
99,73.10000000000001,2.448979018323686
99,73.2,0.03307050701976366
99,73.3,1.8081241632759304
99,73.4,4.499370025492162
99,73.5,3.030562722553506
99,73.60000000000001,2.194719376905343
99,73.7,-0.6897053965469913
99,73.8,5.462540776134681
99,73.9,0.5578803921019633
99,74.0,1.1858975380092835
99,74.10000000000001,3.7682340921844064
99,74.2,1.529873466542154
99,74.3,1.4784700014830308
99,74.4,6.677538591012348
99,74.5,3.392398263610533
99,74.60000000000001,1.6485242762475432
99,74.7,1.6637616201534549
99,74.8,9.410810683092988
99,74.9,1.5271612431057449
99,75.0,4.907761875047429
99,75.10000000000001,4.761856302987005
99,75.2,4.820629978124932
99,75.3,6.474557863906705
99,75.4,7.83700802192052
99,75.5,6.872549517673454
99,75.60000000000001,1.351502833317137
99,75.7,4.631115179487082
99,75.8,6.100290449899503
99,75.9,1.826612790627471
99,76.0,4.770968923284656
99,76.10000000000001,3.4897298251265534
99,76.2,0.1940027096575827
99,76.3,4.535008215709378
99,76.4,3.3135310427748115
99,76.5,4.108073267233085
99,76.60000000000001,3.661838223188396
99,76.7,9.13251793023804
99,76.80000000000001,6.108240442912861
99,76.9,6.333407753593381
99,77.0,4.06771345072654
99,77.10000000000001,8.012074949059933
99,77.2,5.09950418123422
99,77.30000000000001,5.3552204950800695
99,77.4,8.878752366351545
99,77.5,6.881009272890818
99,77.60000000000001,12.984822307830449
99,77.7,9.046556224789311
99,77.80000000000001,7.225284319317418
99,77.9,7.3459349909858
99,78.0,8.716979534158922
99,78.10000000000001,8.061066269883971
99,78.2,11.59583606336028
99,78.30000000000001,2.7419304715896686
99,78.4,6.4370315071485145
99,78.5,13.3932606408492
99,78.60000000000001,9.464441441187994
99,78.7,4.57269223992144
99,78.80000000000001,8.011887457050356
99,78.9,10.564146131215438
99,79.0,5.50261820768995
99,79.10000000000001,8.551927517576612
99,79.2,14.789508921856239
99,79.30000000000001,8.239492618477927
99,79.4,7.624503707203045
99,79.5,7.41280401618335
99,79.60000000000001,6.790457968549445
99,79.7,6.864007216839647
99,79.80000000000001,7.686808806637509
99,79.9,9.498174240537983
99,80.0,7.037333599910067
99,80.10000000000001,7.349913119111842
99,80.2,7.896737967329031
99,80.30000000000001,5.398483185948717
99,80.4,4.612042373894564
99,80.5,6.400745575166091
99,80.60000000000001,9.342740237918083
99,80.7,8.749502440357125
99,80.80000000000001,3.654134667224855
99,80.9,10.268764087510545
99,81.0,10.854496355920482
99,81.10000000000001,7.318070079883201
99,81.2,8.301850330675952
99,81.30000000000001,12.194763687447525
99,81.4,8.342633320590025
99,81.5,3.8627180843177893
99,81.60000000000001,9.379338345209964
99,81.7,6.1121094496164226
99,81.80000000000001,7.279548775710778
99,81.9,8.175723415373227
99,82.0,4.580784189156756
99,82.10000000000001,4.295593775016019
99,82.2,9.31577030125924
99,82.30000000000001,3.592798968717864
99,82.4,6.944942370803969
99,82.5,6.220966591280236
99,82.60000000000001,4.214185574724956
99,82.7,8.388324141698417
99,82.80000000000001,11.14693901929626
99,82.9,4.110126534641479
99,83.0,2.4392346366443625
99,83.10000000000001,11.524143942467086
99,83.2,6.951412576227987
99,83.30000000000001,2.60608395763366
99,83.4,4.9797572982600915
99,83.5,5.187148785636654
99,83.60000000000001,4.020001308998374
99,83.7,2.5867466111527992
99,83.80000000000001,3.3030203955413557
99,83.9,4.591619741638116
99,84.0,3.3739236928010405
99,84.10000000000001,1.2532861867778329
99,84.2,4.776158927794677
99,84.30000000000001,5.69534520420518
99,84.4,1.5973216056496766
99,84.5,9.419515228671221
99,84.60000000000001,3.4667093605624526
99,84.7,7.681000077672745
99,84.80000000000001,-0.213156941759703
99,84.9,3.6751647264276923
99,85.0,3.5135374881106265
99,85.10000000000001,2.659450376209339
99,85.2,1.937432584476399
99,85.30000000000001,-5.0535350226232385
99,85.4,-7.103365645930754
99,85.5,-0.9720049814893632
99,85.60000000000001,-2.0441249125870353
99,85.7,-2.8528619313511143
99,85.80000000000001,-5.144146523170879
99,85.9,-0.7159142600258759
99,86.0,1.9048250683571402
99,86.10000000000001,6.023883395138493
99,86.2,16.15406080850258
99,86.30000000000001,16.819413126447433
99,86.4,20.188074953563856
99,86.5,21.297815966496994
99,86.60000000000001,24.286859983276802
99,86.7,24.803241089776797
99,86.80000000000001,16.470264290051713
99,86.9,2.958785641834206
99,87.0,-10.179511602289388
99,87.10000000000001,-20.223301295856153
99,87.2,-37.30273883169045
99,87.30000000000001,-49.243676845219376
99,87.4,-61.18447269178258
99,87.5,-65.40152567684346
99,87.60000000000001,-65.7349379082738
99,87.7,-53.02428484463996
99,87.80000000000001,-46.83016045385517
99,87.9,-19.053689754755148
99,88.0,-1.4190814062803347
99,88.10000000000001,15.51106890592057
99,88.2,33.76107658303292
99,88.30000000000001,51.10772309958186
99,88.4,61.02427079793955
99,88.5,57.985349237471155
99,88.60000000000001,54.02569096782119
99,88.7,47.84783816143032
99,88.80000000000001,32.26802830942238
99,88.9,16.095714030572303
99,89.0,2.1463060600975608
99,89.10000000000001,-8.980492584671614
99,89.2,-20.507850359589668
99,89.30000000000001,-28.667942457610767
99,89.4,-31.003742755121497
99,89.5,-29.604746225044085
99,89.60000000000001,-27.699865590963427
99,89.7,-26.0921711477869
99,89.80000000000001,-19.005800210257636
99,89.9,-11.615321675221889
99,90.0,-12.767728931104278
99,90.10000000000001,-3.778990159781306
99,90.2,-2.4132721981113456
99,90.30000000000001,-0.28099639440744983
99,90.4,-2.4231219247358915
99,90.5,1.7941627267744016
99,90.60000000000001,-2.948217258712678
99,90.7,-2.9529198767932163
99,90.80000000000001,-3.4190043650135276
99,90.9,-10.255830345160994
99,91.0,-7.546027936515852
99,91.10000000000001,-5.062662785365343
99,91.2,-5.986501612078706
99,91.30000000000001,-8.367574016521047
99,91.4,-9.365529724097675
99,91.5,-4.546862365667744
99,91.60000000000001,-6.089785289872854
99,91.7,-5.863159834180016
99,91.80000000000001,-9.131303293084013
99,91.9,-3.4280132853971574
99,92.0,-5.443103219603363
99,92.10000000000001,-6.963266923275654
99,92.2,-4.16423857779007
99,92.30000000000001,-5.629925048504171
99,92.4,-5.285333816966795
99,92.5,-7.297123437311993
99,92.60000000000001,-7.104166845715304
99,92.7,-9.147221706831695
99,92.80000000000001,-6.079291667028062
99,92.9,-7.02774484452422
99,93.0,-8.42905105279569
99,93.10000000000001,-11.236205331215523
99,93.2,-11.02447889272446
99,93.30000000000001,-10.852150564800825
99,93.4,-7.539593726930174
99,93.5,-8.217221085655046
99,93.60000000000001,-10.92678960229629
99,93.7,-10.37686777467951
99,93.80000000000001,-7.897298247630595
99,93.9,-9.76676784906586
99,94.0,-6.487088343767616
99,94.10000000000001,-6.221161275975459
99,94.2,-8.88073858722551
99,94.30000000000001,-7.286767378579016
99,94.4,-7.170902678604248
99,94.5,-10.04538508436948
99,94.60000000000001,-4.908934846739856
99,94.7,-8.316443198012788
99,94.80000000000001,-4.885240808418846
99,94.9,-7.937314924519449
99,95.0,-3.772001995844606
99,95.10000000000001,-5.107546077982843
99,95.2,-5.105754106950277
99,95.30000000000001,-3.199919824432885
99,95.4,-2.9579132763705847
99,95.5,-6.928871531296541
99,95.60000000000001,-5.977198908774928
99,95.7,-12.40908512836686
99,95.80000000000001,-11.615813538710057
99,95.9,-7.070868579333714
99,96.0,-1.9117789474458315
99,96.10000000000001,-5.714587124443702
99,96.2,-5.83804373942497
99,96.30000000000001,-5.965255603896342
99,96.4,-8.212977884476944
99,96.5,-7.93137398577848
99,96.60000000000001,-10.119650208623222
99,96.7,-4.814570251316597
99,96.80000000000001,-6.400317579994127
99,96.9,-1.5496086134341645
99,97.0,-3.3053060379712496
99,97.10000000000001,-7.728507826109598
99,97.2,-4.720455800105159
99,97.30000000000001,-4.656825569077984
99,97.4,-8.901103819122396
99,97.5,-5.559829051822986
99,97.60000000000001,-6.223620136956701
99,97.7,-4.203322090930617
99,97.80000000000001,-3.315408613988666
99,97.9,-6.719166051065672
99,98.0,-1.209864301778686
99,98.10000000000001,-4.857295638001032
99,98.2,-5.636758694642482
99,98.30000000000001,-5.183652859317628
99,98.4,-1.61240329487882
99,98.5,-2.0100876448373004
99,98.60000000000001,-3.1480034067038267
99,98.7,-1.2564477738466704
99,98.80000000000001,0.6662281685089493
99,98.9,-3.281573316888477
99,99.0,0.9119111944607976
99,99.10000000000001,-1.9582225376619902
99,99.2,0.08335859445271465
99,99.30000000000001,-3.640517527148764
99,99.4,-0.3990756549197234
99,99.5,-2.160606959703072
99,99.60000000000001,-3.9948009664933966
99,99.7,0.08770894948790686
99,99.80000000000001,-3.3487592031853524
99,99.9,-1.6250722841917653
99,100.0,-1.3848953696721131
99,100.10000000000001,0.6108461772223164
99,100.2,-1.1406236624535409
99,100.30000000000001,-0.7967207718606131
99,100.4,-0.9863617725249918
99,100.5,-2.1133044720997267
99,100.60000000000001,2.045223907536952
99,100.7,0.7724125078725229
99,100.80000000000001,2.552170870366085
99,100.9,-0.7065951762821057
99,101.0,-3.18930655465238
99,101.10000000000001,1.0388274719931119
99,101.2,1.3546422326756966
99,101.30000000000001,0.0694576483653846
99,101.4,-3.462692370370668
99,101.5,4.479951971021464
99,101.60000000000001,-1.2294546561871265
99,101.7,2.576171325293615
99,101.80000000000001,0.5198540404528413
99,101.9,5.418116357964946
99,102.0,1.910761039097145
99,102.10000000000001,-0.6439915856114435
99,102.2,5.660767287384523
99,102.30000000000001,0.1017418022417389
99,102.4,1.6912273371540625
99,102.5,3.7033198510038448
99,102.60000000000001,4.148187145219363
99,102.7,2.8293399759351012
99,102.80000000000001,7.010825020728431
99,102.9,1.2032072532870006
99,103.0,2.838358581609369
99,103.10000000000001,3.5965715674653738
99,103.2,0.5200817088596099
99,103.30000000000001,2.6858720876196687
99,103.4,2.181977712556297
99,103.5,3.7574586852705893
99,103.60000000000001,5.242964051177703
99,103.7,4.7967911441317845
99,103.80000000000001,5.825474566206746
99,103.9,7.860593974331087
99,104.0,4.987810334764592
99,104.10000000000001,2.5759312724432393
99,104.2,9.261061785302008
99,104.30000000000001,7.126489736893937
99,104.4,4.430484672895978
99,104.5,2.618190685340527
99,104.60000000000001,7.018781947534152
99,104.7,6.479304887839683
99,104.80000000000001,0.8256774353478447
99,104.9,6.451237505127279
99,105.0,5.779019221714488
99,105.10000000000001,6.996798340941799
99,105.2,2.219728978344232
99,105.30000000000001,5.45094198516138
99,105.4,9.909408534591247
99,105.5,0.012871401013095252
99,105.60000000000001,4.619600387448943
99,105.7,5.3001045587986315
99,105.80000000000001,7.916364754308585
99,105.9,4.574893929563602
99,106.0,6.624920291135625
99,106.10000000000001,9.487714702650521
99,106.2,6.477015229603529
99,106.30000000000001,5.6442645581411455
99,106.4,6.547675968466706
99,106.5,7.773638249657483
99,106.60000000000001,5.114132230958724
99,106.7,11.12101194442755
99,106.80000000000001,1.0164910588219804
99,106.9,7.262781599042015
99,107.0,12.36309414368604
99,107.10000000000001,7.996451845024372
99,107.2,7.9639930465168804
99,107.30000000000001,9.151011101350422
99,107.4,8.67933036254114
99,107.5,7.731878269505104
99,107.60000000000001,7.718914697382715
99,107.7,7.213254446113054
99,107.80000000000001,4.153140429809405
99,107.9,4.511269147344047
99,108.0,6.186455692030008
99,108.10000000000001,6.085558493122686
99,108.2,7.578172223713617
99,108.30000000000001,6.518360924072173
99,108.4,5.40152720824061
99,108.5,10.040376373161799
99,108.60000000000001,8.171687125777161
99,108.7,6.72577426688919
99,108.80000000000001,6.437970111566671
99,108.9,11.877422935935808
99,109.0,9.157227064110625
99,109.10000000000001,3.5558778676391194
99,109.2,8.81063040175015
99,109.30000000000001,11.232241666692099
99,109.4,7.700558616306972
99,109.5,8.978336111917724
99,109.60000000000001,8.657529938360181
99,109.7,6.455268445050773
99,109.80000000000001,9.684204253325799
99,109.9,9.419947085934815
99,110.0,4.54695501892563
99,110.10000000000001,12.984827445477315
99,110.2,7.1373626922248645
99,110.30000000000001,6.3939123841240235
99,110.4,13.275107814534945
99,110.5,9.111674125797393
99,110.60000000000001,5.403284219414721
99,110.7,7.643033936055097
99,110.80000000000001,8.911529640825979
99,110.9,6.250558332906561
99,111.0,5.27101149735911
99,111.10000000000001,8.079603595316371
99,111.2,4.344155048677793
99,111.30000000000001,5.077561252825152
99,111.4,4.709210860387147
99,111.5,6.442946999116712
99,111.60000000000001,5.837084439798878
99,111.7,4.342638253648777
99,111.80000000000001,0.22889729358986433
99,111.9,5.727422439190733
99,112.0,2.34296287122897
99,112.10000000000001,12.22537633940888
99,112.2,2.6349534137630943
99,112.30000000000001,4.270645274988263
99,112.4,1.2001281734917977
99,112.5,-1.4305840572116066
99,112.60000000000001,3.3747843265829696
99,112.7,0.9321394293738483
99,112.80000000000001,5.413634141060516
99,112.9,7.132979568088505
99,113.0,1.213860425398789
99,113.10000000000001,0.4081303047390703
99,113.2,5.952481641742218
99,113.30000000000001,3.831119388339994
99,113.4,7.173855633366831
99,113.5,3.6053941346732343
99,113.60000000000001,6.481062412585685
99,113.7,-1.5948225300976122
99,113.80000000000001,3.8783866353407985
99,113.9,-0.4500474455170729
99,114.0,-0.43505436505698203
99,114.10000000000001,3.4622923685499307
99,114.2,1.362513139152627
99,114.30000000000001,3.0792048931665654
99,114.4,2.770846696058719
99,114.5,4.945722580387174
99,114.60000000000001,-1.5726871218078533
99,114.7,1.7517024897910527
99,114.80000000000001,-5.524240898385691
99,114.9,2.6752128773312815
99,115.0,2.4431964606545
99,115.10000000000001,1.0486361762363927
99,115.2,-1.2260354872638195
99,115.30000000000001,-0.39610268351142397
99,115.4,-0.8191260878487199
99,115.5,-3.5085720744777094
99,115.60000000000001,-1.1348371247152063
99,115.7,1.2316846556047787
99,115.80000000000001,-0.4151914402620236
99,115.9,-2.2776590772091976
99,116.0,-0.9400791121926249
99,116.10000000000001,1.910671829265267
99,116.2,-4.649113139756581
99,116.30000000000001,-0.4926081027759963
99,116.4,-4.3232876141972945
99,116.5,-1.7745042229778039
99,116.60000000000001,-6.353093524303941
99,116.7,0.35576371457450673
99,116.80000000000001,1.0572492963194677
99,116.9,-4.892591282573977
99,117.0,-5.412058977521024
99,117.10000000000001,-2.802976011052256
99,117.2,1.875948597579125
99,117.30000000000001,-2.860309831497008
99,117.4,-2.851545136456354
99,117.5,-5.6547323172080475
99,117.60000000000001,-4.960751545364231
99,117.7,-6.99004684593683
99,117.80000000000001,-5.919084661734128
99,117.9,-10.564369127086266
99,118.0,-3.0952588998658244
99,118.10000000000001,-6.333201579946841
99,118.2,-3.914734748289291
99,118.30000000000001,-7.483313956681917
99,118.4,-6.268824784720032
99,118.5,-7.467404022797787
99,118.60000000000001,-8.05156101589834
99,118.7,-3.8906864599492
99,118.80000000000001,-6.871693187172123
99,118.9,-5.694236424278364
99,119.0,-8.017234724801376
99,119.10000000000001,-2.5475641717959565
99,119.2,-5.734045688322071
99,119.30000000000001,-6.171987267316777
99,119.4,-6.009508907996344
99,119.5,-1.9100321242090654
99,119.60000000000001,-11.684560635725807
99,119.7,-4.752383505108508
99,119.80000000000001,-11.239812655062558
99,119.9,-3.932336991436787
99,120.0,-1.561768396428585
113,0.0,-6.348886499370286
113,0.1,-6.914541856257725
113,0.2,-6.244100596695496
113,0.30000000000000004,-8.940008455636193
113,0.4,-7.679973720604835
113,0.5,-5.865297851284691
113,0.6000000000000001,-1.6539426700033495
113,0.7000000000000001,-10.997971707513958
113,0.8,-6.17430975226584
113,0.9,-10.477705502410954
113,1.0,-4.599349024838855
113,1.1,-5.729934659823685
113,1.2000000000000002,-4.6069770325780155
113,1.3,-6.7989239696404296
113,1.4000000000000001,-6.672857234690609
113,1.5,-11.9243695104025
113,1.6,-5.615014157750467
113,1.7000000000000002,-8.109829088797442
113,1.8,-5.780995150016781
113,1.9000000000000001,-8.66484636166175
113,2.0,-10.9208350984144
113,2.1,-9.517027841779031
113,2.2,-8.598310761581045
113,2.3000000000000003,-7.876360097998436
113,2.4000000000000004,-8.904941905342481
113,2.5,-7.74060769511561
113,2.6,-10.802789417674376
113,2.7,-9.139554162819284
113,2.8000000000000003,-7.656985277311351
113,2.9000000000000004,-8.788006251531844
113,3.0,-5.10662613592922
113,3.1,-7.05715924673354
113,3.2,-8.000771648168607
113,3.3000000000000003,-7.356970645971225
113,3.4000000000000004,-12.871797828345668
113,3.5,-10.24253706392303
113,3.6,-10.947496594962356
113,3.7,-9.354825829879179
113,3.8000000000000003,-11.787382191942823
113,3.9000000000000004,-11.064145969278357
113,4.0,-8.103141212363242
113,4.1000000000000005,-8.466872449134208
113,4.2,-6.617352665070685
113,4.3,-8.555756705720084
113,4.4,-5.127514988353997
113,4.5,-5.667796613099915
113,4.6000000000000005,-9.613705507530257
113,4.7,-11.277369931189181
113,4.800000000000001,-10.036679872742951
113,4.9,-10.740632443260562
113,5.0,-7.277352284721098
113,5.1000000000000005,-9.211283435648381
113,5.2,-7.7408331147780665
113,5.300000000000001,-4.521891326534386
113,5.4,-3.721218393682709
113,5.5,-13.725516883409291
113,5.6000000000000005,-10.07858666919146
113,5.7,-8.788074165638392
113,5.800000000000001,-1.8887822694332863
113,5.9,-8.256208107921625
113,6.0,-4.723422426141489
113,6.1000000000000005,-6.313420540280711
113,6.2,-10.34698847244013
113,6.300000000000001,-6.0615558085361245
113,6.4,-4.6801801397557625
113,6.5,-3.085503499526381
113,6.6000000000000005,-5.93575300034738
113,6.7,-6.105913725446498
113,6.800000000000001,-14.52561548043198
113,6.9,-6.058754646737158
113,7.0,-2.7032598191605977
113,7.1000000000000005,0.0927169777438639
113,7.2,-2.868931422912674
113,7.300000000000001,-3.263049590343659
113,7.4,-1.315129916352447
113,7.5,-5.525365210207066
113,7.6000000000000005,-6.659697628608046
113,7.7,-12.252347292705231
113,7.800000000000001,-7.02975634949255
113,7.9,-2.142606885627982
113,8.0,-4.376048525576644
113,8.1,-5.025860603327842
113,8.200000000000001,-6.760149543985393
113,8.3,-4.347971755396339
113,8.4,-6.300816184847268
113,8.5,-2.9791151529008
113,8.6,-4.79597044783885
113,8.700000000000001,-1.9628575245118152
113,8.8,-0.2766137338010881
113,8.9,-2.5986875412108312
113,9.0,-3.995261399329015
113,9.1,-0.41608423418941154
113,9.200000000000001,1.3400026344834517
113,9.3,-6.064558158575591
113,9.4,-1.7996306791665437
113,9.5,-0.2761052955306562
113,9.600000000000001,-4.212479580863332
113,9.700000000000001,3.430649954673336
113,9.8,-0.8801392436497354
113,9.9,3.8758502555307044
113,10.0,-4.396855042128956
113,10.100000000000001,-4.635704693356676
113,10.200000000000001,2.3228154402670302
113,10.3,-2.71320542319723
113,10.4,3.355370001784913
113,10.5,-0.20311944398617607
113,10.600000000000001,2.6632010789166953
113,10.700000000000001,3.8821094924344766
113,10.8,3.74080737106497
113,10.9,1.7637889325991294
113,11.0,2.114641906117529
113,11.100000000000001,-0.541391422111893
113,11.200000000000001,0.6461015894568383
113,11.3,2.263161928623552
113,11.4,4.108477609690568
113,11.5,1.5259719827188762
113,11.600000000000001,7.70365563867396
113,11.700000000000001,-1.6079778198966266
113,11.8,2.5013123609115264
113,11.9,4.651598614513652
113,12.0,1.3343605039520456
113,12.100000000000001,-0.4379433840655227
113,12.200000000000001,1.8702978061058206
113,12.3,2.481257849495649
113,12.4,1.0905384680370065
113,12.5,5.538948321013141
113,12.600000000000001,3.8415257272249947
113,12.700000000000001,2.727674059021603
113,12.8,5.898471811990736
113,12.9,3.9241543917303834
113,13.0,4.819249142583055
113,13.100000000000001,0.26671365886092513
113,13.200000000000001,3.327326614048564
113,13.3,5.603421190066689
113,13.4,8.797216352038287
113,13.5,2.435877085576318
113,13.600000000000001,1.2049839596945375
113,13.700000000000001,3.96567245137269
113,13.8,3.808644702927885
113,13.9,6.507870548148623
113,14.0,2.744094820086203
113,14.100000000000001,7.886483182112607
113,14.200000000000001,6.69570135787772
113,14.3,6.763606183335915
113,14.4,6.098574209594214
113,14.5,6.313984232411183
113,14.600000000000001,8.459527708451013
113,14.700000000000001,5.096039388779085
113,14.8,7.05240383775724
113,14.9,5.311666944460258
113,15.0,1.2903349792654168
113,15.100000000000001,7.0362893569605225
113,15.200000000000001,7.750824111264039
113,15.3,3.599716749364439
113,15.4,7.357707757925977
113,15.5,7.002309541279154
113,15.600000000000001,3.999105061744597
113,15.700000000000001,4.546553586393397
113,15.8,6.641706381042567
113,15.9,9.761597731538515
113,16.0,5.401914783233002
113,16.1,7.152523085208964
113,16.2,10.829803420539285
113,16.3,4.315085351708653
113,16.400000000000002,11.580832029778936
113,16.5,2.266590370960869
113,16.6,8.050334058219319
113,16.7,4.820648608542281
113,16.8,6.0738734596908746
113,16.900000000000002,3.175392603613231
113,17.0,9.119602631508704
113,17.1,6.717902860814858
113,17.2,9.266482263554101
113,17.3,6.303543792162236
113,17.400000000000002,6.238563261755871
113,17.5,4.787656350466106
113,17.6,3.8620124245213576
113,17.7,5.943676154507788
113,17.8,7.606402654725307
113,17.900000000000002,8.239002721985008
113,18.0,8.568328129206014
113,18.1,4.8962501508249
113,18.2,4.647376643367745
113,18.3,12.896490982952686
113,18.400000000000002,8.807588389278122
113,18.5,10.84212359378074
113,18.6,6.298197737040114
113,18.7,6.943496927958687
113,18.8,12.418218316983463
113,18.900000000000002,9.861883219556908
113,19.0,7.997586374609329
113,19.1,9.063106785537212
113,19.200000000000003,9.456652353848881
113,19.3,6.17990671709638
113,19.400000000000002,4.258690888095575
113,19.5,7.662042762570887
113,19.6,12.5784171307659
113,19.700000000000003,10.447953224993768
113,19.8,4.2933988409264074
113,19.900000000000002,7.800399643336908
113,20.0,7.004103539233026
113,20.1,11.983992096867802
113,20.200000000000003,8.846712646212954
113,20.3,5.028178831152959
113,20.400000000000002,6.86685418235193
113,20.5,7.044627639926217
113,20.6,6.593029972329147
113,20.700000000000003,1.6123139771257922
113,20.8,4.037050427901983
113,20.900000000000002,11.630158622005359
113,21.0,2.702669590167881
113,21.1,3.626669976217361
113,21.200000000000003,8.922046979227229
113,21.3,2.8722944268618473
113,21.400000000000002,3.027277655996182
113,21.5,5.17166999569314
113,21.6,11.083840646899628
113,21.700000000000003,2.884121219294627
113,21.8,8.787424499057918
113,21.900000000000002,5.822343267559618
113,22.0,3.37690603834592
113,22.1,0.34537012621748087
113,22.200000000000003,0.747983833333767
113,22.3,6.471726121427923
113,22.400000000000002,3.9137052642440953
113,22.5,3.2938845387166444
113,22.6,4.3315086472716935
113,22.700000000000003,1.1768669322878873
113,22.8,1.4954495403087082
113,22.900000000000002,2.6951621909699806
113,23.0,3.9820450370798124
113,23.1,4.319995703801306
113,23.200000000000003,8.796898727923201
113,23.3,4.4250300178496715
113,23.400000000000002,-3.7034859691243605
113,23.5,2.5084939923497704
113,23.6,1.8064331456201863
113,23.700000000000003,0.31573755010188664
113,23.8,-2.355882500720302
113,23.900000000000002,4.290854995054296
113,24.0,-2.314345204304482
113,24.1,1.186208103374116
113,24.200000000000003,-1.028351370048153
113,24.3,-4.933651613572575
113,24.400000000000002,3.387414690811485
113,24.5,-0.11658954289085433
113,24.6,1.307315878495186
113,24.700000000000003,0.6417288158911716
113,24.8,-1.6752242349153312
113,24.900000000000002,-0.6436039121750796
113,25.0,0.575768056486947
113,25.1,0.8017729713698951
113,25.200000000000003,-0.6976738996295793
113,25.3,1.8375097285973692
113,25.400000000000002,-4.998287794529
113,25.5,0.9600714874909853
113,25.6,-3.0950384784123246
113,25.700000000000003,1.6157663120358479
113,25.8,-1.5923339018445861
113,25.900000000000002,0.09010433844076982
113,26.0,-4.954240649236541
113,26.1,-0.1600967308680179
113,26.200000000000003,-5.034572511585704
113,26.3,-0.6853184976253659
113,26.400000000000002,-0.3304977498300308
113,26.5,-4.35926276497689
113,26.6,-1.1952421748414115
113,26.700000000000003,-4.811809047168371
113,26.8,-2.1445311823181443
113,26.900000000000002,-0.532227489452215
113,27.0,-6.25560753920775
113,27.1,-6.591224613285356
113,27.200000000000003,-4.0724453528096
113,27.3,-5.0567589182917505
113,27.400000000000002,-3.9540342843046834
113,27.5,-1.5271812639538465
113,27.6,-6.754500050066449
113,27.700000000000003,-3.287225942285263
113,27.8,-2.7918580928498704
113,27.900000000000002,0.07882856619721412
113,28.0,-4.813955456308697
113,28.1,-6.773291300268842
113,28.200000000000003,-5.169721329860334
113,28.3,-7.58253992987109
113,28.400000000000002,-7.150929388405337
113,28.5,-5.988918196968091
113,28.6,-7.1041496266321635
113,28.700000000000003,-3.2509152168671434
113,28.8,-2.4345930729272443
113,28.900000000000002,-10.26937178515453
113,29.0,-7.599793781151471
113,29.1,-6.670350963496
113,29.200000000000003,-2.664377393408417
113,29.3,-9.783979379516744
113,29.400000000000002,-7.6220860102277355
113,29.5,-4.820793589467636
113,29.6,-7.9975913187921375
113,29.700000000000003,-8.17444371866394
113,29.8,-4.64731791796893
113,29.900000000000002,-9.135426093848944
113,30.0,-4.933100625288725
113,30.1,-8.986856623956252
113,30.200000000000003,-5.8044983163836115
113,30.3,-4.727641166634377
113,30.400000000000002,-4.719687347554521
113,30.5,-8.123466606200775
113,30.6,-7.637123186689647
113,30.700000000000003,-7.987847969391194
113,30.8,-6.122531290861215
113,30.900000000000002,-7.832552163918287
113,31.0,-5.840971945015074
113,31.1,-5.300483671229777
113,31.200000000000003,-5.1315169528364315
113,31.3,-6.850379831562406
113,31.400000000000002,-7.5005150627468655
113,31.5,-4.110505465435928
113,31.6,-8.07128348217304
113,31.700000000000003,-6.966470272406699
113,31.8,-10.643993822090925
113,31.900000000000002,-6.887320748786019
113,32.0,-6.296589439342981
113,32.1,-9.665500984800381
113,32.2,-5.682963657766983
113,32.300000000000004,-13.334750565033897
113,32.4,-12.133291304054708
113,32.5,-8.451742464500688
113,32.6,-6.665936862642509
113,32.7,-3.1740933220243575
113,32.800000000000004,-11.40190481429199
113,32.9,-4.147134639948865
113,33.0,-5.433781605750421
113,33.1,-2.5013549949293
113,33.2,-12.754545653404413
113,33.300000000000004,-11.185700495300466
113,33.4,-11.381666025326346
113,33.5,-5.103614760833828
113,33.6,-5.619515747763773
113,33.7,-9.902011487433132
113,33.800000000000004,-6.220327623342964
113,33.9,-5.961548474894778
113,34.0,-6.876472773983162
113,34.1,-6.791155424898851
113,34.2,-8.151379276650838
113,34.300000000000004,-9.670199427200998
113,34.4,-8.559635411865502
113,34.5,-0.7859928852304243
113,34.6,-4.6138513069850084
113,34.7,-5.818141309953161
113,34.800000000000004,-3.70515157041988
113,34.9,-3.7126298649463165
113,35.0,-7.548932357483446
113,35.1,-8.209042556426862
113,35.2,-4.264836902619212
113,35.300000000000004,-8.063505442898492
113,35.4,-8.051666249515545
113,35.5,-2.6349790839293368
113,35.6,-7.787625920908491
113,35.7,-5.242347828430939
113,35.800000000000004,-4.10563264019878
113,35.9,-2.8093023370827797
113,36.0,-6.043060156244952
113,36.1,-5.73568988524659
113,36.2,-3.1449455684094585
113,36.300000000000004,-5.967414622424737
113,36.4,-4.4174309104815395
113,36.5,-6.199255713865132
113,36.6,-4.595927819755361
113,36.7,-2.7798065811290362
113,36.800000000000004,-0.46194695700296995
113,36.9,-5.058665992070857
113,37.0,1.062195547870846
113,37.1,-3.334399572057957
113,37.2,-3.2587571400526802
113,37.300000000000004,-0.5846230812056725
113,37.4,-2.0902538206194095
113,37.5,-1.4707151135717973
113,37.6,-5.084139050662936
113,37.7,-3.3935160742329398
113,37.800000000000004,-2.637929117646687
113,37.9,-2.282472708908639
113,38.0,0.22872304126072884
113,38.1,-1.0785814507052227
113,38.2,-5.064486801719959
113,38.300000000000004,-5.342013518606241
113,38.400000000000006,-2.4290345047721207
113,38.5,-1.5083666045855373
113,38.6,-0.9020436312915199
113,38.7,-1.9299680760855502
113,38.800000000000004,3.1652318196545
113,38.900000000000006,-0.5237780407350355
113,39.0,2.8269975180495504
113,39.1,3.776896358047359
113,39.2,0.8741433049840892
113,39.300000000000004,0.04789446973033448
113,39.400000000000006,0.5996908950642801
113,39.5,0.5659519936343249
113,39.6,1.5967981944616025
113,39.7,0.5352102249540475
113,39.800000000000004,4.500143943205539
113,39.900000000000006,0.8028471068969638
113,40.0,0.38066312081549436
113,40.1,5.029558717722634
113,40.2,-0.5889854101381756
113,40.300000000000004,-0.23468307402332408
113,40.400000000000006,3.2558730774644977
113,40.5,1.6658320912348235
113,40.6,3.5188863783144213
113,40.7,6.5531452202887595
113,40.800000000000004,6.335423908428644
113,40.900000000000006,2.0639992375473226
113,41.0,1.8792209075946742
113,41.1,4.600773223564978
113,41.2,7.572358545896993
113,41.300000000000004,2.6442454178423906
113,41.400000000000006,2.7475133165930528
113,41.5,1.5998567231307133
113,41.6,3.9438325919387522
113,41.7,5.269853303373232
113,41.800000000000004,0.9526467812216554
113,41.900000000000006,4.320992471215055
113,42.0,3.9319316432002513
113,42.1,6.155801981652755
113,42.2,4.502817477220598
113,42.300000000000004,3.815775601606045
113,42.400000000000006,6.569508863679926
113,42.5,4.381959468043895
113,42.6,4.465363014298156
113,42.7,4.49555667996761
113,42.800000000000004,3.0416296481182887
113,42.900000000000006,5.538440987542961
113,43.0,2.8286509201277763
113,43.1,6.790616673444969
113,43.2,9.21511770307722
113,43.300000000000004,10.505812492691371
113,43.400000000000006,2.7170257868773118
113,43.5,6.490243796520941
113,43.6,1.398576316984145
113,43.7,5.6875979851922525
113,43.800000000000004,5.271772839932941
113,43.900000000000006,1.549099871744442
113,44.0,6.8486794999439216
113,44.1,1.8995670483730158
113,44.2,9.244807914504246
113,44.300000000000004,5.981015169442589
113,44.400000000000006,5.608315434477715
113,44.5,4.309660765817789
113,44.6,5.5661589786853805
113,44.7,10.012029067430069
113,44.800000000000004,11.050503556114966
113,44.900000000000006,9.305476571145185
113,45.0,9.879689500457507
113,45.1,11.685904467936643
113,45.2,7.41636446572758
113,45.300000000000004,7.066814391909399
113,45.400000000000006,5.254314997039228
113,45.5,3.948374432399912
113,45.6,6.325477722854277
113,45.7,9.652845563741291
113,45.800000000000004,14.20399073377623
113,45.900000000000006,2.7534783929069717
113,46.0,8.7225834459206
113,46.1,9.054973793309399
113,46.2,8.502314522005653
113,46.300000000000004,12.503293723266989
113,46.400000000000006,5.672973359253995
113,46.5,8.113024885529615
113,46.6,5.620572385681094
113,46.7,11.7159893028863
113,46.800000000000004,11.095608966610335
113,46.900000000000006,9.919768982344404
113,47.0,9.663177653571577
113,47.1,9.136637856741865
113,47.2,9.241735775815206
113,47.300000000000004,7.445227947359776
113,47.400000000000006,4.416769256608846
113,47.5,9.720696282203798
113,47.6,14.250399935199493
113,47.7,12.44508722321991
113,47.800000000000004,7.188578295570908
113,47.900000000000006,5.521567333888127
113,48.0,1.4546463238215246
113,48.1,-6.174159777800458
113,48.2,0.25805339901887603
113,48.300000000000004,7.347048648196381
113,48.400000000000006,14.928587628332263
113,48.5,25.410147101265743
113,48.6,25.881648792626414
113,48.7,15.077374990436194
113,48.800000000000004,5.490752723583195
113,48.900000000000006,45.919198917640664
113,49.0,296.7206065105749
113,49.1,772.3831060636846
113,49.2,1006.3445969674481
113,49.300000000000004,544.4295914008623
113,49.400000000000006,-161.1356669192897
113,49.5,-486.5601668803271
113,49.6,-425.0743234808006
113,49.7,-243.9024290628273
113,49.800000000000004,-125.86150626363494
113,49.900000000000006,-82.7108628167701
113,50.0,-40.23551893531875
113,50.1,3.382999728745668
113,50.2,57.6093142439873
113,50.300000000000004,84.78591258724212
113,50.400000000000006,79.89524463281255
113,50.5,29.327264771363872
113,50.6,-28.08054114870558
113,50.7,-72.93729349207773
113,50.800000000000004,-79.44067588485304
113,50.900000000000006,-47.83537575839242
113,51.0,7.191841773828758
113,51.1,64.176696636261
113,51.2,88.90358074521421
113,51.300000000000004,71.73979464695556
113,51.400000000000006,26.984209865450598
113,51.5,-30.355571247477037
113,51.6,-58.109586590216296
113,51.7,-60.08577566273941
113,51.800000000000004,-36.73146329313283
113,51.900000000000006,5.359840911885961
113,52.0,40.40726943484665
113,52.1,53.27368163729111
113,52.2,43.25693930926099
113,52.300000000000004,18.435906277677738
113,52.400000000000006,-16.924059374478226
113,52.5,-31.060906700953375
113,52.6,-27.08969796000777
113,52.7,-20.270781347827885
113,52.800000000000004,2.1255462059977317
113,52.900000000000006,14.408431929581072
113,53.0,18.018047755093715
113,53.1,18.206550387893593
113,53.2,7.8696731867361995
113,53.300000000000004,-6.905500292051128
113,53.400000000000006,-13.294036309830723
113,53.5,-10.46386170896835
113,53.6,-4.0211373006916045
113,53.7,-0.09862524435629749
113,53.800000000000004,3.7998849368894367
113,53.900000000000006,5.279896747929833
113,54.0,1.558739174721269
113,54.1,-0.9974366417423767
113,54.2,-5.7290899936390645
113,54.300000000000004,-0.6959767019818062
113,54.400000000000006,-6.051774452886043
113,54.5,-7.160667651502036
113,54.6,-2.494824951622246
113,54.7,-1.4190573425527588
113,54.800000000000004,-1.9721519718325937
113,54.900000000000006,-8.002521487628421
113,55.0,-3.5838150004011102
113,55.1,-5.196131979740543
113,55.2,-0.9102695926463213
113,55.300000000000004,1.0102609577703843
113,55.400000000000006,-5.344680630974571
113,55.5,-7.51626690711256
113,55.6,-4.128754149384943
113,55.7,-3.9621893116266946
113,55.800000000000004,-5.830882016136997
113,55.900000000000006,-5.015088727652696
113,56.0,-4.698819415865183
113,56.1,-7.5257832699883735
113,56.2,-2.9629170791297827
113,56.300000000000004,-6.175919872020877
113,56.400000000000006,-4.10672694185522
113,56.5,-0.8943440019064298
113,56.6,-3.3904939703921033
113,56.7,-1.1163266282452429
113,56.800000000000004,-7.304872558110396
113,56.900000000000006,-2.9385328779550037
113,57.0,-4.255311681241323
113,57.1,-7.389492138679902
113,57.2,-7.657775614611682
113,57.300000000000004,-4.995952644241994
113,57.400000000000006,-4.360494157203993
113,57.5,-7.0976787659005
113,57.6,-6.879946934698836
113,57.7,-0.21846671569544387
113,57.800000000000004,-8.872124253640928
113,57.900000000000006,-10.004491814817126
113,58.0,-0.40206296707708783
113,58.1,-9.365548955455992
113,58.2,-7.861486078613735
113,58.300000000000004,-7.562452056357796
113,58.400000000000006,-3.0784895313201233
113,58.5,-5.763254483940021
113,58.6,-6.893109022758972
113,58.7,-3.7827525245406837
113,58.800000000000004,-9.203630683318176
113,58.900000000000006,-8.822647020377895
113,59.0,-5.566170425569378
113,59.1,-7.719779967560648
113,59.2,-12.60369588687718
113,59.300000000000004,-6.353858852880321
113,59.400000000000006,-7.908091774535794
113,59.5,-4.892173008748655
113,59.6,-7.780777990111709
113,59.7,-11.412302332900921
113,59.800000000000004,-5.975085666626294
113,59.900000000000006,-8.040678307177537
113,60.0,-8.09873201363216
113,60.1,-7.788756659925239
113,60.2,-5.164164356323387
113,60.300000000000004,-7.873027631140665
113,60.400000000000006,-6.453265446241483
113,60.5,-8.000077820258827
113,60.6,-6.6057170045032745
113,60.7,-8.840223002065937
113,60.800000000000004,-11.603916557232429
113,60.900000000000006,-7.353462978426588
113,61.0,-6.757145950852315
113,61.1,-10.57835644873607
113,61.2,-8.41393479774378
113,61.300000000000004,-8.526622671971278
113,61.400000000000006,-10.97220236704966
113,61.5,-13.160816021105013
113,61.6,-5.074149529499046
113,61.7,-5.8286132350402236
113,61.800000000000004,-6.505259943270254
113,61.900000000000006,-10.867586492885637
113,62.0,-6.036104753938101
113,62.1,-3.5862180964758053
113,62.2,-7.273932846765843
113,62.300000000000004,-6.006395472502119
113,62.400000000000006,-7.302614547417258
113,62.5,-7.351837603484894
113,62.6,-9.520968403032963
113,62.7,-11.303869288906597
113,62.800000000000004,-5.4122467707642485
113,62.900000000000006,-10.059764869356055
113,63.0,-3.0326578024909545
113,63.1,-5.840773288372988
113,63.2,-7.072596668075062
113,63.300000000000004,-2.552626416772479
113,63.400000000000006,-3.472697952368428
113,63.5,-9.061677669555353
113,63.6,-7.807986795420013
113,63.7,-4.253189585861289
113,63.800000000000004,-7.648418015009453
113,63.900000000000006,-0.09357798046741461
113,64.0,-4.201863742770857
113,64.10000000000001,-3.5346275846004596
113,64.2,-8.312900248991006
113,64.3,-8.686062425753834
113,64.4,-4.9368756741826125
113,64.5,-9.165314657333592
113,64.60000000000001,-5.352871326915843
113,64.7,-7.4167246311724675
113,64.8,-0.6886750194294256
113,64.9,-0.2854550107635614
113,65.0,-5.1403558115705525
113,65.10000000000001,-3.880209611421677
113,65.2,-4.216208725572632
113,65.3,-3.682008444704167
113,65.4,-7.417272576573458
113,65.5,-8.097999403157866
113,65.60000000000001,-5.3306190631194745
113,65.7,-4.0346030818674095
113,65.8,-1.504612380439841
113,65.9,-6.511936502515006
113,66.0,-4.087749074323256
113,66.10000000000001,-5.088035480374069
113,66.2,-3.2661617775818303
113,66.3,0.8382104627851512
113,66.4,-4.373244911755945
113,66.5,-1.674393227539663
113,66.60000000000001,-0.5266862302888988
113,66.7,0.4134274040846029
113,66.8,-3.4583385179489365
113,66.9,-4.289054307748982
113,67.0,0.4071925104370051
113,67.10000000000001,1.7117709894026438
113,67.2,-0.8258190436235715
113,67.3,-0.5231528585367544
113,67.4,-3.4293471864363902
113,67.5,1.318437803726508
113,67.60000000000001,1.1398694320872607
113,67.7,1.2477609910593
113,67.8,-3.5882530375861905
113,67.9,1.1397803526391628
113,68.0,0.3187019782457623
113,68.10000000000001,-1.2777222301759352
113,68.2,2.808929357481092
113,68.3,2.868181112819344
113,68.4,2.8432208266797723
113,68.5,-0.7484420521115374
113,68.60000000000001,0.9892394300566372
113,68.7,2.6450773911687966
113,68.8,2.002117569536015
113,68.9,-0.7029184583816055
113,69.0,-0.5038853787128046
113,69.10000000000001,3.7653913305519
113,69.2,3.4344325741694206
113,69.3,4.641007229741199
113,69.4,2.807616770536779
113,69.5,3.0899905211608027
113,69.60000000000001,5.677947544531333
113,69.7,2.714107509760473
113,69.8,6.139725241187576
113,69.9,0.8982445232968357
113,70.0,4.8601562382236905
113,70.10000000000001,2.2626129415594542
113,70.2,0.9916010895360401
113,70.3,5.49876350878543
113,70.4,3.046732126033592
113,70.5,0.9067724009140061
113,70.60000000000001,6.49638623112324
113,70.7,6.846808821571737
113,70.8,6.755604573127017
113,70.9,6.18231821381255
113,71.0,3.627550831358662
113,71.10000000000001,4.3880833860229185
113,71.2,9.101661310389197
113,71.3,6.463602531581936
113,71.4,6.134958227842031
113,71.5,9.602947476056269
113,71.60000000000001,7.205584010365945
113,71.7,8.349418837040421
113,71.8,0.639375817520258
113,71.9,3.754279743837294
113,72.0,1.2912321430157814
113,72.10000000000001,6.2113812894803315
113,72.2,7.790477514330082
113,72.3,3.9840850476028193
113,72.4,7.762204401815906
113,72.5,8.038523720190732
113,72.60000000000001,5.024962754957059
113,72.7,7.383007871528218
113,72.8,2.7199919880033248
113,72.9,8.82109266269614
113,73.0,8.044416332019969
113,73.10000000000001,8.73580866779352
113,73.2,7.075648855532714
113,73.3,5.837927893257509
113,73.4,4.565830356697983
113,73.5,9.365167265134074
113,73.60000000000001,9.192023901738501
113,73.7,6.205168092646501
113,73.8,7.373254934660367
113,73.9,9.091161284065302
113,74.0,10.572118203151645
113,74.10000000000001,6.123816813725465
113,74.2,10.278166671196846
113,74.3,7.60482650121314
113,74.4,4.317014303831977
113,74.5,6.467825881012001
113,74.60000000000001,4.563827344504126
113,74.7,4.7612695973724986
113,74.8,4.512410983913476
113,74.9,10.730141516464016
113,75.0,9.23508161724093
113,75.10000000000001,5.865718223627759
113,75.2,7.168698026253281
113,75.3,3.7557428156758226
113,75.4,8.039075956755006
113,75.5,8.591226179781014
113,75.60000000000001,13.69008812946359
113,75.7,9.920434875975769
113,75.8,2.782532858118035
113,75.9,7.545701124741976
113,76.0,4.844000035321739
113,76.10000000000001,8.884348925258134
113,76.2,3.536891674008888
113,76.3,9.092521593261688
113,76.4,8.015528520093563
113,76.5,7.672952406795017
113,76.60000000000001,6.161656656518656
113,76.7,2.0379121653722
113,76.80000000000001,10.08577215349615
113,76.9,13.394885986281768
113,77.0,7.770682226313882
113,77.10000000000001,7.130597878701582
113,77.2,4.590424788791038
113,77.30000000000001,4.47137003972119
113,77.4,6.635572542830843
113,77.5,11.37015236660866
113,77.60000000000001,5.305716753856996
113,77.7,5.13525020414237
113,77.80000000000001,8.06501919669945
113,77.9,4.019090659135872
113,78.0,4.344905418805213
113,78.10000000000001,8.240560921331223
113,78.2,1.8431946232064353
113,78.30000000000001,6.7003984144650195
113,78.4,7.776602466948196
113,78.5,8.126082412152453
113,78.60000000000001,4.245381652136594
113,78.7,2.672931044823296
113,78.80000000000001,5.767066581297058
113,78.9,8.190607035333665
113,79.0,3.0399973301381804
113,79.10000000000001,7.7386172102852795
113,79.2,0.8241948085596383
113,79.30000000000001,2.4396306088751847
113,79.4,4.346461908095724
113,79.5,1.7981424764100693
113,79.60000000000001,4.335837676010452
113,79.7,3.492586118215787
113,79.80000000000001,0.47491754088737675
113,79.9,5.066234914797034
113,80.0,4.038423194455953
113,80.10000000000001,3.9148658711253645
113,80.2,3.4338726118614855
113,80.30000000000001,1.2068304076045544
113,80.4,1.1123014368356972
113,80.5,-0.31365983254282565
113,80.60000000000001,5.105966704671405
113,80.7,0.9049242799036892
113,80.80000000000001,0.6494594822026305
113,80.9,3.4122232749734627
113,81.0,0.8778256145394064
113,81.10000000000001,4.662152592290735
113,81.2,6.193552303216528
113,81.30000000000001,3.0321175282308594
113,81.4,-0.8120473222762316
113,81.5,0.5648971000553457
113,81.60000000000001,-0.06158856279793735
113,81.7,-1.9916675883275414
113,81.80000000000001,-3.125014363019781
113,81.9,0.03571781661181402
113,82.0,-3.853664190474359
113,82.10000000000001,-1.3867873931327885
113,82.2,-2.862776012963236
113,82.30000000000001,-7.480439560474943
113,82.4,-4.183479697061818
113,82.5,-2.0734046226053953
113,82.60000000000001,-2.1765148596504043
113,82.7,-4.2866608873814
113,82.80000000000001,-2.1924297690126
113,82.9,-1.8074099495381186
113,83.0,-8.193231140520332
113,83.10000000000001,-0.9854462757119281
113,83.2,-3.317372088372507
113,83.30000000000001,-2.2351887429973822
113,83.4,-2.584700465908761
113,83.5,-1.7890643271792779
113,83.60000000000001,-2.330393640362961
113,83.7,-1.002558722506938
113,83.80000000000001,-0.1623072793251354
113,83.9,-3.7132678460501682
113,84.0,-5.7711866094572555
113,84.10000000000001,-1.1161329488265772
113,84.2,1.0372636315594124
113,84.30000000000001,-6.187393052425475
113,84.4,-6.871583649310415
113,84.5,0.2894630408577605
113,84.60000000000001,-6.194167618382371
113,84.7,-0.45006771509201227
113,84.80000000000001,-2.5716483303784567
113,84.9,-8.460720275204874
113,85.0,-7.98711292331754
113,85.10000000000001,-5.449760497247558
113,85.2,-6.205799092930988
113,85.30000000000001,-9.50664641710342
113,85.4,-6.985037141379621
113,85.5,-10.874364844208166
113,85.60000000000001,-7.586497469205283
113,85.7,-10.75183959306185
113,85.80000000000001,-9.324496055977454
113,85.9,-9.358237786924589
113,86.0,-2.3977424003195655
113,86.10000000000001,-1.6737582296484685
113,86.2,4.859749158758728
113,86.30000000000001,9.12462836377995
113,86.4,16.158735905912696
113,86.5,17.044621280781666
113,86.60000000000001,16.54275523773705
113,86.7,14.788360530915657
113,86.80000000000001,7.0398888234512835
113,86.9,-0.23238948878364152
113,87.0,-13.154699723657851
113,87.10000000000001,-29.23944346609884
113,87.2,-42.62058008994197
113,87.30000000000001,-57.22858307109546
113,87.4,-65.78830298069984
113,87.5,-68.52262400323823
113,87.60000000000001,-66.66195428750466
113,87.7,-68.73480476096033
113,87.80000000000001,-50.16727991531294
113,87.9,-28.598337170314203
113,88.0,-9.849622536675108
113,88.10000000000001,15.295360562088948
113,88.2,29.458382139555418
113,88.30000000000001,43.73116131257502
113,88.4,53.042281226901
113,88.5,49.468911370864156
113,88.60000000000001,49.11270406353076
113,88.7,43.03978028265482
113,88.80000000000001,27.86190568836306
113,88.9,19.038812772973838
113,89.0,-0.4745634730385433
113,89.10000000000001,-14.378932690511103
113,89.2,-22.360767368402065
113,89.30000000000001,-29.725019027284965
113,89.4,-32.05569771265386
113,89.5,-30.51433757936994
113,89.60000000000001,-32.511840114138906
113,89.7,-26.059827542592505
113,89.80000000000001,-21.722059384827674
113,89.9,-15.89901215803813
113,90.0,-11.253823144985885
113,90.10000000000001,-4.79996486217329
113,90.2,-6.998441501146031
113,90.30000000000001,-2.6438279295320237
113,90.4,-0.3215760151217326
113,90.5,-1.2556858539457556
113,90.60000000000001,-12.949769862120855
113,90.7,-7.5168528223429405
113,90.80000000000001,-7.178956309690623
113,90.9,-3.010843137529008
113,91.0,-8.153132644605437
113,91.10000000000001,-7.9158457199925545
113,91.2,-6.7513800214802915
113,91.30000000000001,-7.337376382703116
113,91.4,-7.115050590915889
113,91.5,-7.615120322125405
113,91.60000000000001,-6.5614651089597515
113,91.7,-11.378229723195867
113,91.80000000000001,-3.168606516271602
113,91.9,-5.5306385847214905
113,92.0,-5.751753140407864
113,92.10000000000001,-9.852338306903555
113,92.2,-10.124912628044042
113,92.30000000000001,-3.9674459935119497
113,92.4,-10.189840900745535
113,92.5,-3.9459350298854057
113,92.60000000000001,-4.488983030900364
113,92.7,-7.93386295080812
113,92.80000000000001,-4.750046642005192
113,92.9,-6.540233010402619
113,93.0,-3.3363849512395336
113,93.10000000000001,-5.665419146778664
113,93.2,-0.3130862444645498
113,93.30000000000001,-6.980595824378994
113,93.4,-8.260498600851257
113,93.5,-1.0763169803865515
113,93.60000000000001,-6.6938103258657575
113,93.7,-6.454090629787784
113,93.80000000000001,-4.5471310051631235
113,93.9,-3.318264660290315
113,94.0,-5.180849154725641
113,94.10000000000001,-6.725638441527234
113,94.2,-2.026461175875365
113,94.30000000000001,-2.592724940581155
113,94.4,-4.174822784534988
113,94.5,-6.573282984591722
113,94.60000000000001,-8.18045499021355
113,94.7,-0.8709267996934782
113,94.80000000000001,-0.08029464887042259
113,94.9,0.16119718154342946
113,95.0,-4.600453053912032
113,95.10000000000001,2.268210728429521
113,95.2,-3.439551564390251
113,95.30000000000001,-2.9949962997218393
113,95.4,-1.8536593292223316
113,95.5,-0.07951304421844825
113,95.60000000000001,-0.9327991549663674
113,95.7,-0.702906995924949
113,95.80000000000001,-1.4598008282860564
113,95.9,-2.6234314995721104
113,96.0,1.7066024864829825
113,96.10000000000001,0.28567514373841196
113,96.2,-1.3549368563717474
113,96.30000000000001,-0.6888634686819046
113,96.4,-2.8284957241747866
113,96.5,5.8705622486103355
113,96.60000000000001,3.0782178125328516
113,96.7,2.3997242778940144
113,96.80000000000001,-2.174420540940581
113,96.9,5.057847983069592
113,97.0,1.84667526208367
113,97.10000000000001,1.9065815383710596
113,97.2,4.336011410321291
113,97.30000000000001,3.1636358719882502
113,97.4,-0.15709478993707998
113,97.5,5.409209148383441
113,97.60000000000001,4.884600015877706
113,97.7,1.826018975758006
113,97.80000000000001,-1.1020978708739935
113,97.9,0.352337188019626
113,98.0,5.442515802166112
113,98.10000000000001,1.1599611188772188
113,98.2,1.3784835831374265
113,98.30000000000001,1.2678664625060607
113,98.4,0.45845266659047557
113,98.5,5.150726370752352
113,98.60000000000001,10.371972963425963
113,98.7,2.880290668185167
113,98.80000000000001,8.076369836070036
113,98.9,8.233604857754234
113,99.0,7.201074393045565
113,99.10000000000001,4.993288494989036
113,99.2,7.654869818915196
113,99.30000000000001,4.891479763175991
113,99.4,11.062547184928675
113,99.5,5.576599339779961
113,99.60000000000001,0.203399119855999
113,99.7,0.07611217066336984
113,99.80000000000001,3.5009509411884676
113,99.9,6.665739120833199
113,100.0,4.308128149489841
113,100.10000000000001,10.503113728146637
113,100.2,6.240360886729028
113,100.30000000000001,9.044761371771866
113,100.4,1.3835023430002495
113,100.5,10.740265715077676
113,100.60000000000001,10.327954999724396
113,100.7,3.990625467810491
113,100.80000000000001,7.9285702890747665
113,100.9,7.788035659906256
113,101.0,5.514306707665412
113,101.10000000000001,7.343911036474443
113,101.2,8.227459781016647
113,101.30000000000001,8.922697615865694
113,101.4,11.97612337161327
113,101.5,13.804909323697
113,101.60000000000001,6.923870869926481
113,101.7,3.376509465438957
113,101.80000000000001,8.464285978166883
113,101.9,8.662826503950336
113,102.0,6.719869182700285
113,102.10000000000001,6.112676971504203
113,102.2,7.687098411776145
113,102.30000000000001,7.5670568079862175
113,102.4,7.440858964172986
113,102.5,8.86953145997862
113,102.60000000000001,4.302344435158696
113,102.7,5.891338644712846
113,102.80000000000001,3.3572089486716408
113,102.9,11.80354285704011
113,103.0,6.525277605158316
113,103.10000000000001,11.588170609349728
113,103.2,8.144725629998982
113,103.30000000000001,10.840454723378311
113,103.4,9.772470161948192
113,103.5,9.200831986936262
113,103.60000000000001,1.503462483421167
113,103.7,9.157248141050795
113,103.80000000000001,7.217774693306294
113,103.9,6.822656676900754
113,104.0,5.74189961033512
113,104.10000000000001,6.744013512249351
113,104.2,8.552112060421077
113,104.30000000000001,3.6196403764670944
113,104.4,8.914432529152915
113,104.5,8.839254572139245
113,104.60000000000001,2.174690750176717
113,104.7,5.844863276404867
113,104.80000000000001,6.256886349073698
113,104.9,6.10863742942642
113,105.0,-0.23469125782105404
113,105.10000000000001,6.3888836378797045
113,105.2,8.15472140543295
113,105.30000000000001,6.0592451451880756
113,105.4,8.152653968953855
113,105.5,5.821416972102616
113,105.60000000000001,6.510019313901125
113,105.7,6.750002690186329
113,105.80000000000001,7.614677551644693
113,105.9,6.106492823978316
113,106.0,5.87025818078525
113,106.10000000000001,8.007099657953951
113,106.2,10.798897049496016
113,106.30000000000001,3.468567140868625
113,106.4,4.081184232107904
113,106.5,2.966092564368301
113,106.60000000000001,4.657232780607589
113,106.7,7.466271101113597
113,106.80000000000001,4.00251416741896
113,106.9,4.600704165503464
113,107.0,7.581009966983908
113,107.10000000000001,4.093502585859949
113,107.2,7.949896930337168
113,107.30000000000001,4.2650888251171155
113,107.4,8.052684040396093
113,107.5,2.1072685561084006
113,107.60000000000001,6.485392206097063
113,107.7,3.0512409599751003
113,107.80000000000001,2.9818968031096285
113,107.9,3.145065805538847
113,108.0,6.458942249260813
113,108.10000000000001,8.755965006064761
113,108.2,8.407009474741848
113,108.30000000000001,4.963970225684426
113,108.4,2.4281674378237774
113,108.5,4.5144393287194475
113,108.60000000000001,4.570180689620573
113,108.7,2.0888737121795313
113,108.80000000000001,2.799147149262813
113,108.9,2.578512507828658
113,109.0,0.6282758576730456
113,109.10000000000001,0.24287420163292195
113,109.2,-1.451892891927069
113,109.30000000000001,-3.5552190092866915
113,109.4,-2.722970819216216
113,109.5,1.8465248040380449
113,109.60000000000001,1.6683963521338785
113,109.7,-1.7701563065144044
113,109.80000000000001,-2.5972982169645444
113,109.9,1.3419016107922608
113,110.0,-2.011204275466712
113,110.10000000000001,4.6394070912966106
113,110.2,-2.391063141091792
113,110.30000000000001,1.1426210860070425
113,110.4,0.9828135728483686
113,110.5,-0.8508422054922546
113,110.60000000000001,-1.6348442894839952
113,110.7,2.0902027680838158
113,110.80000000000001,0.07744682854190366
113,110.9,-0.5147214434773368
113,111.0,0.018288784895290622
113,111.10000000000001,0.19813659809124595
113,111.2,-2.186350760221403
113,111.30000000000001,0.6269943187596765
113,111.4,1.9013075392533085
113,111.5,-5.3852228109727065
113,111.60000000000001,-4.454372584574669
113,111.7,0.06155518844313468
113,111.80000000000001,-6.387643721015705
113,111.9,4.068804583277345
113,112.0,-2.372799006096146
113,112.10000000000001,-2.055821572833568
113,112.2,-5.097663828143026
113,112.30000000000001,-6.6248752311531645
113,112.4,-8.966612355663274
113,112.5,0.48821087128557616
113,112.60000000000001,-3.823157016534203
113,112.7,-5.10031780577919
113,112.80000000000001,-3.7749140317732026
113,112.9,-1.1549414139378662
113,113.0,-3.3686541215337042
113,113.10000000000001,-2.0265363049214153
113,113.2,-3.796748743681502
113,113.30000000000001,-2.787651291620419
113,113.4,-1.328964389377183
113,113.5,-7.94575019089445
113,113.60000000000001,-5.668281885258086
113,113.7,-5.4325658585345895
113,113.80000000000001,-6.283962716750678
113,113.9,-7.305135018774795
113,114.0,-1.9533429387394632
113,114.10000000000001,-3.989404747353926
113,114.2,-6.176214753872445
113,114.30000000000001,-5.432366112967062
113,114.4,-3.558721121061828
113,114.5,-12.870160067365825
113,114.60000000000001,-7.456841579822408
113,114.7,-5.600494819688893
113,114.80000000000001,-7.0601885416900245
113,114.9,-10.743272914035828
113,115.0,-8.443814290941809
113,115.10000000000001,-5.125204376244447
113,115.2,-9.741954353964429
113,115.30000000000001,-6.993243699977283
113,115.4,-7.892422609456539
113,115.5,-5.631813021141056
113,115.60000000000001,-7.949905634723644
113,115.7,-7.540108188106577
113,115.80000000000001,-7.063046919969615
113,115.9,-4.638009746084181
113,116.0,-7.242754480487065
113,116.10000000000001,-11.385125672924943
113,116.2,-7.798386224234643
113,116.30000000000001,-7.994372016788869
113,116.4,-7.764172651581504
113,116.5,-5.27734812788461
113,116.60000000000001,-7.5339913991440435
113,116.7,-6.474288388472415
113,116.80000000000001,-8.143621798520575
113,116.9,-10.739185664016173
113,117.0,-6.542386663755923
113,117.10000000000001,-7.704691809443457
113,117.2,-7.715980928532179
113,117.30000000000001,-11.898758559124701
113,117.4,-11.61696865287242
113,117.5,-12.986077362389727
113,117.60000000000001,-9.031657732039335
113,117.7,-7.546243186560063
113,117.80000000000001,-8.538900915464408
113,117.9,-9.881036100676576
113,118.0,-6.043882454448553
113,118.10000000000001,-9.195922330800043
113,118.2,-8.073907007768717
113,118.30000000000001,-12.012131699069492
113,118.4,-10.247335775571745
113,118.5,-3.479439704450763
113,118.60000000000001,-9.36819280944429
113,118.7,-9.938859864040824
113,118.80000000000001,-7.531519290909617
113,118.9,-9.05953727242644
113,119.0,-7.381854596606763
113,119.10000000000001,-4.191837716169689
113,119.2,-6.57653588269242
113,119.30000000000001,-4.5885032989971295
113,119.4,-10.702131550548794
113,119.5,-3.9937564238659427
113,119.60000000000001,-9.992769491376297
113,119.7,-6.904589401392328
113,119.80000000000001,-9.706513717625366
113,119.9,-6.094754157477642
113,120.0,-7.249121533764424
